Date,P,PET,Pe,ETa,S,SUST,Qs,Rp,R,h,hmeas,Smeas
2002-01-01,3.1,0.9,0.1,0.000386597938144,0.270102694229,0.0,0.0,0.0,0.0,221.991111111,,
2002-01-02,13.4,1.5,10.4,0.0676521482092,0.280754599231,0.0,0.0,0.0,0.0,221.982232099,,
2002-01-03,4.2,1.3,1.2,0.0649551100945,0.281924748602,0.0,0.0,0.0,0.0,221.973362952,,
2002-01-04,0.1,1.1,0.0,0.0546550977583,0.28186840314,0.0,0.0,0.0,0.0,221.96450366,,
2002-01-05,0.0,1.3,0.0,0.0642871836761,0.281802127693,0.0,0.0,0.0,0.0,221.955654211,,
2002-01-06,0.0,1.3,0.0,0.0639281916711,0.281736222341,0.0,0.0,0.0,0.0,221.946814596,,
2002-01-07,0.0,1.3,0.0,0.0635712043464,0.281670685017,0.0,0.0,0.0,0.0,221.937984802,,
2002-01-08,0.0,0.9,0.0,0.043765068813,0.281625566389,0.0,0.0,0.0,0.0,221.929164818,,
2002-01-09,0.1,1.0,0.0,0.0484398599549,0.281575628389,0.0,0.0,0.0,0.0,221.920354635,,
2002-01-10,0.0,1.3,0.0,0.0627013204416,0.281510987853,0.0,0.0,0.0,0.0,221.911554241,,
2002-01-11,0.0,0.9,0.0,0.0431662044475,0.281466486611,0.0,0.0,0.0,0.0,221.902763625,,
2002-01-12,0.0,0.9,0.0,0.0429993247912,0.28142215741,0.0,0.0,0.0,0.0,221.893982777,,
2002-01-13,0.0,1.1,0.0,0.0523515547966,0.281368186735,0.0,0.0,0.0,0.0,221.885211685,,
2002-01-14,0.1,1.3,0.0,0.0615776781485,0.281304704593,0.0,0.0,0.0,0.0,221.876450339,,
2002-01-15,0.1,1.2,0.0,0.0565235229635,0.28124643292,0.0,0.0,0.0,0.0,221.867698727,,
2002-01-16,0.0,1.3,0.0,0.0609181783142,0.281183630674,0.0,0.0,0.0,0.0,221.85895684,,
2002-01-17,0.0,1.4,0.0,0.0652378455975,0.281116375163,0.0,0.0,0.0,0.0,221.850224665,221.86,
2002-01-18,0.0,1.2,0.0,0.0555818758146,0.28105907426,0.0,0.0,0.0,0.0,221.841502194,,
2002-01-19,0.0,1.1,0.0,0.0506874236918,0.281006819184,0.0,0.0,0.0,0.0,221.832789413,,
2002-01-20,0.0,1.6,0.0,0.0733787945604,0.280931170942,0.0,0.0,0.0,0.0,221.824086314,,
2002-01-21,5.2,1.3,2.2,0.0714957326382,0.283125505238,0.0,0.0,0.0,0.0,221.815392885,,
2002-01-22,3.0,0.3,0.0,0.0164068815481,0.283108590928,0.0,0.0,0.0,0.0,221.806709115,,
2002-01-23,23.7,0.8,20.7,0.114829323711,0.304330416367,0.0,0.0,0.0,0.0,221.798034994,,
2002-01-24,0.0,1.4,0.0,0.200260762141,0.304123961973,0.0,0.0,0.0,0.0,221.78937051,,
2002-01-25,0.0,0.9,0.0,0.127964857399,0.30399203944,0.0,0.0,0.0,0.0,221.780715654,,
2002-01-26,0.0,0.8,0.0,0.113306798132,0.303875228308,0.0,0.0,0.0,0.0,221.772070415,,
2002-01-27,0.0,1.7,0.0,0.239949533846,0.303627857654,0.0,0.0,0.0,0.0,221.763434781,,
2002-01-28,0.0,1.8,0.0,0.252208932406,0.303367848446,0.0,0.0,0.0,0.0,221.754808742,,
2002-01-29,0.0,1.6,0.0,0.22245232297,0.303138516154,0.0,0.0,0.0,0.0,221.746192288,,
2002-01-30,1.3,1.2,0.0,0.165692580769,0.30296769906,0.0,0.0,0.0,0.0,221.737585408,,
2002-01-31,0.1,1.5,0.0,0.206048119126,0.302755278319,0.0,0.0,0.0,0.0,221.728988091,,
2002-02-01,0.0,2.1,0.0,0.28660868529,0.302459805447,0.0,0.0,0.0,0.0,221.720400326,,
2002-02-02,0.0,1.9,0.0,0.256973459792,0.302194884355,0.0,0.0,0.0,0.0,221.711822103,,
2002-02-03,12.2,0.7,9.2,0.121564976276,0.31155409572,0.0,0.0,0.0,0.0,221.703253412,,
2002-02-04,1.2,0.7,0.0,0.121199445849,0.311429147837,0.0,0.0,0.0,0.0,221.694694242,,
2002-02-05,1.7,0.6,0.0,0.103572869593,0.311322371683,0.0,0.0,0.0,0.0,221.686144581,,
2002-02-06,0.0,1.8,0.0,0.309917787622,0.311002868809,0.0,0.0,0.0,0.0,221.677604421,,
2002-02-07,0.0,0.9,0.0,0.153760758034,0.310844352564,0.0,0.0,0.0,0.0,221.669073749,,
2002-02-08,0.3,1.8,0.0,0.306332644228,0.310528545714,0.0,0.0,0.0,0.0,221.660552556,,
2002-02-09,0.1,1.9,0.0,0.320850986903,0.310197771501,0.0,0.0,0.0,0.0,221.652040831,,
2002-02-10,0.0,1.9,0.0,0.318232357714,0.309869696905,0.0,0.0,0.0,0.0,221.643538564,,
2002-02-11,0.0,2.0,0.0,0.332247474209,0.309527173736,0.0,0.0,0.0,0.0,221.635045743,,
2002-02-12,0.0,2.3,0.0,0.378802081635,0.309136656126,0.0,0.0,0.0,0.0,221.626562359,,
2002-02-13,0.0,2.2,0.0,0.358752681154,0.308766808001,0.0,0.0,0.0,0.0,221.618088401,,
2002-02-14,0.0,2.3,0.0,0.371515243343,0.308383802596,0.0,0.0,0.0,0.0,221.609623858,,
2002-02-15,0.0,2.8,0.0,0.447811030281,0.30792214174,0.0,0.0,0.0,0.0,221.60116872,,
2002-02-16,0.0,2.3,0.0,0.363420525004,0.307547481404,0.0,0.0,0.0,0.0,221.592722977,,
2002-02-17,0.0,2.2,0.0,0.344185246208,0.307192651254,0.0,0.0,0.0,0.0,221.584286618,,
2002-02-18,0.0,2.4,0.0,0.371926512538,0.306809221859,0.0,0.0,0.0,0.0,221.575859633,,
2002-02-19,0.0,2.7,0.0,0.414103745918,0.306382310781,0.0,0.0,0.0,0.0,221.567442011,,
2002-02-20,0.0,2.6,0.0,0.394141700129,0.305975979132,0.0,0.0,0.0,0.0,221.559033743,,
2002-02-21,0.0,2.2,0.0,0.329779808706,0.305635999947,0.0,0.0,0.0,0.0,221.550634816,,
2002-02-22,0.1,2.5,0.0,0.371208332784,0.305253310944,0.0,0.0,0.0,0.0,221.542245222,,
2002-02-23,0.0,2.5,0.0,0.367221989004,0.304874731574,0.0,0.0,0.0,0.0,221.533864949,,
2002-02-24,0.3,2.4,0.0,0.348747315743,0.304515198259,0.0,0.0,0.0,0.0,221.525493988,,
2002-02-25,0.1,2.3,0.0,0.330770649983,0.304174197589,0.0,0.0,0.0,0.0,221.517132328,,
2002-02-26,0.1,2.2,0.0,0.313263477899,0.30385124555,0.0,0.0,0.0,0.0,221.508779959,,
2002-02-27,0.0,1.6,0.0,0.225674970333,0.303618590941,0.0,0.0,0.0,0.0,221.50043687,,
2002-02-28,1.4,2.0,0.0,0.280154924511,0.303329771432,0.0,0.0,0.0,0.0,221.492103052,,
2002-03-01,0.3,2.1,0.0,0.291635500026,0.303029116277,0.0,0.0,0.0,0.0,221.483778493,,
2002-03-02,0.0,2.1,0.0,0.289004767423,0.302731173218,0.0,0.0,0.0,0.0,221.475463183,,
2002-03-03,14.8,1.4,11.8,0.261894043083,0.314626127812,0.0,0.0,0.0,0.0,221.467157113,,
2002-03-04,13.9,1.8,10.9,0.418974309109,0.325431308937,0.0,0.0,0.0,0.0,221.458860272,,
2002-03-05,0.0,2.3,0.0,0.531216710647,0.324883662844,0.0,0.0,0.0,0.0,221.450572649,,
2002-03-06,0.1,2.6,0.0,0.594573014139,0.324270700973,0.0,0.0,0.0,0.0,221.442294235,,
2002-03-07,0.0,2.6,0.0,0.587932593878,0.323664584897,0.0,0.0,0.0,0.0,221.434025019,,
2002-03-08,0.0,2.8,0.0,0.626086823801,0.323019134563,0.0,0.0,0.0,0.0,221.425764992,,
2002-03-09,0.0,2.0,0.0,0.441826121362,0.322563643717,0.0,0.0,0.0,0.0,221.417514142,,
2002-03-10,0.5,1.3,0.0,0.284719736798,0.322270118215,0.0,0.0,0.0,0.0,221.409272459,,
2002-03-11,8.2,1.7,5.2,0.408219179279,0.327210098442,0.0,0.0,0.0,0.0,221.401039934,,
2002-03-12,17.6,2.7,14.6,0.812943504383,0.341423558747,0.0,0.0,0.0,0.0,221.392816557,,
2002-03-13,27.2,1.9,24.2,0.762945097813,0.365585471017,0.0,0.0,0.0,0.0,221.384602316,,
2002-03-14,6.5,2.0,3.5,0.826614320334,0.368341538728,0.0,0.0,0.0,0.0,221.376397202,,
2002-03-15,12.5,1.8,9.5,0.81101514871,0.37729925507,0.0,0.0,0.0,0.0,221.368201205,,
2002-03-16,0.0,2.6,0.0,1.16240859659,0.376100895692,0.0,0.0,0.0,0.0,221.360014315,,
2002-03-17,11.5,0.7,8.5,0.335019365012,0.379654619211,0.0,0.0,4.71786882123,0.0,221.351836521,,
2002-03-18,0.0,2.3,0.0,1.05085676744,0.378571261719,0.0,0.0,0.0,9.77430186532e-07,221.343667842,,
2002-03-19,0.8,3.2,0.0,1.44761682292,0.377078873242,0.0,0.0,0.0,5.41345949464e-06,221.335508366,,
2002-03-20,0.0,4.0,0.0,1.78464788736,0.375239030059,0.0,0.0,0.0,1.74896383673e-05,221.327358301,,
2002-03-21,0.0,4.0,0.0,1.75398383432,0.373430799302,0.0,0.0,0.0,4.30514175195e-05,221.319218022,,
2002-03-22,0.0,4.6,0.0,1.98242365329,0.371387063577,0.0,0.0,0.0,8.94144825405e-05,221.311088112,,
2002-03-23,0.0,4.7,0.0,1.98549666172,0.369340159802,0.0,0.0,0.0,0.000165072890844,221.302969397,,
2002-03-24,0.0,4.3,0.0,1.77984452979,0.367505268534,0.0,0.0,0.0,0.000279354122967,221.294862968,,
2002-03-25,0.0,4.2,0.0,1.70634219935,0.365746152865,0.0,0.0,0.0,0.000442054875903,221.286770195,,
2002-03-26,0.0,4.0,0.0,1.59576921441,0.364101029963,0.0,0.0,0.0,0.000663082313855,221.278692729,,
2002-03-27,0.0,4.4,0.0,1.72518554933,0.36232248816,0.0,0.0,0.0,0.000952118194254,221.270632496,,
2002-03-28,0.0,1.9,0.0,0.730886364599,0.361568997062,0.0,0.0,0.0,0.00131831749974,221.262591681,,
2002-03-29,0.0,3.5,0.0,1.33538120716,0.360192315405,0.0,0.0,0.0,0.00177004867097,221.254572708,,
2002-03-30,0.0,2.5,0.0,0.939503285474,0.359223755317,0.0,0.0,0.0,0.00231467903127,221.246578205,,
2002-03-31,0.0,3.8,0.0,1.41270945919,0.357767353813,0.0,0.0,0.0,0.00295840633583,221.238610978,,
2002-04-01,4.8,2.8,1.8,1.04560194569,0.358545083766,0.0,0.0,0.0,0.00370613540972,221.230673966,,
2002-04-02,1.2,3.0,0.0,1.10681354707,0.357404038872,0.0,0.0,0.0,0.00456139742735,221.22277021,,
2002-04-03,1.4,2.9,0.0,1.05613213637,0.356315242855,0.0,0.0,0.0,0.00552630842159,221.214902804,,
2002-04-04,4.2,1.0,1.2,0.364801484405,0.357176272253,0.0,0.0,0.0,0.00660156300136,221.207074861,,
2002-04-05,5.6,2.0,2.6,0.748805705198,0.359084719979,0.0,0.0,0.0,0.00778645892468,221.199289471,,
2002-04-06,9.1,2.5,6.1,0.99347270597,0.364349181107,0.0,0.0,0.0,0.00907894805793,221.191549659,,
2002-04-07,19.5,1.9,16.5,0.881595965552,0.37909113818,0.0,0.0,1.31870567394,0.0104757092976,221.183858354,,
2002-04-08,23.2,1.6,20.2,0.866105869653,0.379107107351,0.0,0.0,19.3184040344,0.0119725124017,221.176218361,,
2002-04-09,1.2,2.3,0.0,1.04560977878,0.378029159125,0.0,0.0,0.0,0.0135684717395,221.168632455,,
2002-04-10,0.5,3.6,0.0,1.62043738688,0.376358605118,0.0,0.0,0.0,0.0152683706755,221.161103547,,
2002-04-11,0.1,3.5,0.0,1.55106299131,0.374759571107,0.0,0.0,0.0,0.0170835775491,221.153634868,,
2002-04-12,0.0,2.7,0.0,1.17854517495,0.373544576081,0.0,0.0,0.0,0.0190319667978,221.146230155,,
2002-04-13,0.0,3.1,0.0,1.33745077438,0.37216576085,0.0,0.0,0.0,0.0211371700407,221.138893819,,
2002-04-14,0.0,3.9,0.0,1.66019361381,0.370454221041,0.0,0.0,0.0,0.0234274090033,221.131631069,,
2002-04-15,0.0,4.2,0.0,1.75794886823,0.368641902621,0.0,0.0,0.0,0.0259341025434,221.124448009,,
2002-04-16,0.2,4.2,0.0,1.72623329586,0.366862280666,0.0,0.0,0.0,0.0286903916126,221.117351681,,
2002-04-17,0.0,4.2,0.0,1.69508991166,0.365114765293,0.0,0.0,0.0,0.031729686943,221.110350075,,
2002-04-18,0.1,3.8,0.0,1.50598378381,0.363562204691,0.0,0.0,0.0,0.0350843130248,221.103452095,,
2002-04-19,0.0,4.4,0.0,1.71530708601,0.361793846871,0.0,0.0,0.0,0.0387842972348,221.096667493,,
2002-04-20,0.0,4.9,0.0,1.87412437361,0.359861759888,0.0,0.0,0.0,0.0428563336447,221.090006774,,
2002-04-21,0.0,5.7,0.0,2.13421679733,0.357661536385,0.0,0.0,0.0,0.0473229361509,221.083481072,,
2002-04-22,0.0,6.0,0.0,2.19153840963,0.355402218437,0.0,0.0,0.0,0.0522017843071,221.077102017,,
2002-04-23,0.0,5.7,0.0,2.02830268788,0.353311184738,0.0,0.0,0.0,0.0575052569342,221.070881578,,
2002-04-24,0.0,5.3,0.0,1.83978866297,0.351414495395,0.0,0.0,0.0,0.0632401426609,221.064831904,221.28,
2002-04-25,0.0,6.0,0.0,2.03536238488,0.349316183658,0.0,0.0,0.0,0.0694075125371,221.058965163,,
2002-04-26,0.0,5.8,0.0,1.91680777174,0.347340093172,0.0,0.0,0.0,0.0760027373575,221.053293375,,
2002-04-27,0.0,5.4,0.0,1.74015209637,0.345546121938,0.0,0.0,0.0,0.0830156310131,221.047828257,,
2002-04-28,0.0,5.3,0.0,1.66831019281,0.343826214523,0.0,0.0,0.0,0.0904307007788,221.042581071,,
2002-04-29,0.0,5.5,0.0,1.69185074949,0.342082038493,0.0,0.0,0.0,0.0982274857151,221.037562481,,
2002-04-30,0.0,5.6,0.0,1.6819142315,0.340348106295,0.0,0.0,0.0,0.106380965143,221.032782423,,
2002-05-01,0.0,4.7,0.0,1.37765041495,0.338927848136,0.0,0.0,0.0,0.11486202028,221.028249992,,
2002-05-02,0.2,2.9,0.0,0.832878164972,0.338069210852,0.0,0.0,0.0,0.123637933494,221.023973338,,
2002-05-03,0.0,5.2,0.0,1.4748329018,0.336548764562,0.0,0.0,0.0,0.132672911144,221.019959578,,
2002-05-04,0.0,5.2,0.0,1.44188989883,0.33506228013,0.0,0.0,0.0,0.141928617546,221.016214726,,
2002-05-05,0.0,3.5,0.0,0.94882491856,0.334084110111,0.0,0.0,0.0,0.151364709209,221.012743638,,
2002-05-06,0.0,5.1,0.0,1.36178733985,0.332680205637,0.0,0.0,0.0,0.16093936001,221.009549968,,
2002-05-07,7.6,3.1,4.6,0.870873618339,0.336524665824,0.0,0.0,0.0,0.170609769507,221.006636144,,
2002-05-08,4.1,1.4,1.1,0.394675670914,0.337251804307,0.0,0.0,0.0,0.180332647948,221.004003354,,
2002-05-09,6.5,2.0,3.5,0.590500431085,0.340251288399,0.0,0.0,0.0,0.190064672884,221.001651547,,
2002-05-10,0.0,3.3,0.0,0.965955215488,0.33925545828,0.0,0.0,0.0,0.199762913421,220.999579446,,
2002-05-11,0.0,4.1,0.0,1.18311407895,0.338035753044,0.0,0.0,0.0,0.20938521928,220.997784571,,
2002-05-12,0.0,5.0,0.0,1.41741152175,0.336574504053,0.0,0.0,0.0,0.218890572745,220.996263271,,
2002-05-13,0.0,3.9,0.0,1.08183569085,0.335459209526,0.0,0.0,0.0,0.228239402425,220.995010771,,
2002-05-14,0.0,5.5,0.0,1.50010688497,0.333912707583,0.0,0.0,0.0,0.237393858513,220.994021218,,
2002-05-15,0.0,6.3,0.0,1.67770857404,0.332183111115,0.0,0.0,0.0,0.246318049804,220.993287742,,
2002-05-16,0.0,6.8,0.0,1.76185481491,0.330366765945,0.0,0.0,0.0,0.254978243289,220.992802515,,
2002-05-17,1.8,5.0,0.0,1.25764095718,0.329070228875,0.0,0.0,0.0,0.263343027574,220.992556821,,
2002-05-18,0.0,5.7,0.0,1.40291793579,0.327623921725,0.0,0.0,0.0,0.271383441705,220.992541126,,
2002-05-19,0.0,5.9,0.0,1.41658807574,0.326163521647,0.0,0.0,0.0,0.279073071268,220.992745152,,
2002-05-20,0.0,6.4,0.0,1.49769391058,0.324619507306,0.0,0.0,0.0,0.28638811385,220.993157953,,
2002-05-21,0.2,5.7,0.0,1.29721329852,0.323282174009,0.0,0.0,0.0,0.293307416065,220.993767989,,
2002-05-22,0.4,4.5,0.0,0.999040762662,0.322252235078,0.0,0.0,0.0,0.29981248448,220.994563207,,
2002-05-23,0.0,5.3,0.0,1.15390352464,0.321062643816,0.0,0.0,0.0,0.305887472793,220.995531112,,
2002-05-24,0.0,5.1,0.0,1.08508118108,0.319944003423,0.0,0.0,0.0,0.311519147655,220.996658847,,
2002-05-25,0.0,6.4,0.0,1.33184009127,0.318570972401,0.0,0.0,0.0,0.316696835468,220.997933263,,
2002-05-26,0.0,5.9,0.0,1.19403640485,0.317340007035,0.0,0.0,0.0,0.321412352489,220.999340991,,
2002-05-27,0.0,5.5,0.0,1.08487516122,0.316221579034,0.0,0.0,0.0,0.325659920448,221.000868515,,
2002-05-28,0.0,6.0,0.0,1.15553947584,0.315030301224,0.0,0.0,0.0,0.329436069818,221.002502231,,
2002-05-29,0.0,6.5,0.0,1.21957065814,0.313773011885,0.0,0.0,0.0,0.332739532789,221.004228517,,
2002-05-30,0.0,7.0,0.0,1.27671284665,0.312456813074,0.0,0.0,0.0,0.335571127828,221.006033787,,
2002-05-31,0.0,7.0,0.0,1.23832371467,0.311180190688,0.0,0.0,0.0,0.337933637642,221.007904552,,
2002-06-01,0.0,6.8,0.0,1.16677206949,0.309977332884,0.0,0.0,0.0,0.339831682192,221.009827468,,
2002-06-02,0.0,6.4,0.0,1.06606221025,0.308878299678,0.0,0.0,0.0,0.341271588275,221.011789388,,
2002-06-03,0.0,5.2,0.0,0.842363159689,0.308009884049,0.0,0.0,0.0,0.342261257096,221.013777404,,
2002-06-04,2.2,3.4,0.0,0.538473357367,0.307454756877,0.0,0.0,0.0,0.342810031066,221.01577889,,
2002-06-05,5.4,5.6,2.4,0.93167628589,0.308968492665,0.0,0.0,0.0,0.342928560984,221.017781539,,
2002-06-06,0.0,3.2,0.0,0.519579902195,0.308432843281,0.0,0.0,0.0,0.342628674592,221.019773395,,
2002-06-07,1.1,4.2,0.0,0.672574757416,0.307739467242,0.0,0.0,0.0,0.341923247419,221.021742882,,
2002-06-08,0.1,5.0,0.0,0.786238900882,0.306928911674,0.0,0.0,0.0,0.340826076661,221.023678834,,
2002-06-09,0.0,6.1,0.0,0.938609838392,0.305961272666,0.0,0.0,0.0,0.3393517588,221.02557051,,
2002-06-10,0.0,6.5,0.0,0.973951134698,0.304957199331,0.0,0.0,0.0,0.337515571484,221.027407623,,
2002-06-11,0.0,7.5,0.0,1.09241247909,0.303831000899,0.0,0.0,0.0,0.335333360184,221.029180345,,
2002-06-12,0.0,6.8,0.0,0.958545025471,0.302842810151,0.0,0.0,0.0,0.332821429974,221.030879329,,
2002-06-13,0.0,6.2,0.0,0.848439262236,0.301968130499,0.0,0.0,0.0,0.329996442751,221.03249571,,
2002-06-14,0.0,7.4,0.0,0.985684023728,0.300951961403,0.0,0.0,0.0,0.326875320118,221.034021121,,
2002-06-15,0.0,7.6,0.0,0.980145444417,0.299941502182,0.0,0.0,0.0,0.323475152084,221.035447689,,
2002-06-16,0.0,7.7,0.0,0.960623194993,0.298951168991,0.0,0.0,0.0,0.319813111677,221.036768043,,
2002-06-17,0.0,8.1,0.0,0.977101953442,0.297943847389,0.0,0.0,0.0,0.31590637551,221.037975308,,
2002-06-18,0.0,7.5,0.0,0.873245230919,0.297043594574,0.0,0.0,0.0,0.311772050296,221.039063108,,
2002-06-19,0.0,7.3,0.0,0.822576001626,0.296195578077,0.0,0.0,0.0,0.307427105239,221.040025559,,
2002-06-20,0.0,7.2,0.0,0.785867342325,0.29538540556,0.0,0.0,0.0,0.30288831024,221.04085726,,
2002-06-21,0.0,7.2,0.0,0.761562166789,0.294600289924,0.0,0.0,0.0,0.298172179767,221.04155329,222.26,
2002-06-22,0.0,7.8,0.0,0.799509422523,0.293776053406,0.0,0.0,0.0,0.293294922246,221.042109197,,
2002-06-23,0.0,7.6,0.0,0.752908357847,0.292999859222,0.0,0.0,0.0,0.288272394803,221.042520985,,
2002-06-24,0.0,6.6,0.0,0.632496128615,0.292347801358,0.0,0.0,0.0,0.283120063143,221.042785107,,
2002-06-25,0.0,5.8,0.0,0.540071866147,0.291791026238,0.0,0.0,0.0,0.27785296637,221.042898446,,
2002-06-26,0.0,6.2,0.0,0.562934844483,0.291210681038,0.0,0.0,0.0,0.27248568652,221.042858309,,
2002-06-27,0.0,6.5,0.0,0.574455944767,0.290618458414,0.0,0.0,0.0,0.267032322555,221.042662406,,
2002-06-28,0.0,6.9,0.0,0.592780679405,0.290007344312,0.0,0.0,0.0,0.261506468603,221.042308838,,
2002-06-29,0.0,6.7,0.0,0.558538362033,0.289431531567,0.0,0.0,0.0,0.25592119618,221.041796085,,
2002-06-30,0.0,6.4,0.0,0.518174175127,0.288897331387,0.0,0.0,0.0,0.25028904015,221.041122983,,
2002-07-01,0.0,7.2,0.0,0.566919941601,0.288312877839,0.0,0.0,0.0,0.244621988184,221.040288712,,
2002-07-02,0.0,7.3,0.0,0.557016700926,0.287738633817,0.0,0.0,0.0,0.23893147346,221.039292783,,
2002-07-03,0.0,8.0,0.0,0.591287793903,0.287129058772,0.0,0.0,0.0,0.233228370372,221.038135014,,
2002-07-04,0.0,8.1,0.0,0.578105733549,0.28653307348,0.0,0.0,0.0,0.227522993013,221.036815521,,
2002-07-05,0.0,8.6,0.0,0.592435133016,0.28592231561,0.0,0.0,0.0,0.221825096186,221.035334697,,
2002-07-06,0.0,7.7,0.0,0.510840959168,0.285395675446,0.0,0.0,0.0,0.216143878743,221.033693198,,
2002-07-07,0.0,7.0,0.0,0.449040533851,0.284932747061,0.0,0.0,0.0,0.210487989013,221.031891926,,
2002-07-08,0.0,6.8,0.0,0.423094500059,0.284496567164,0.0,0.0,0.0,0.204865532125,221.029932013,,
2002-07-09,0.0,6.2,0.0,0.374494651735,0.284110490203,0.0,0.0,0.0,0.199284079024,221.027814809,,
2002-07-10,0.9,5.7,0.0,0.335124142331,0.283765001397,0.0,0.0,0.0,0.193750676988,221.025541859,,
2002-07-11,0.0,7.8,0.0,0.447362545398,0.283303802896,0.0,0.0,0.0,0.188271861469,221.023114898,,
2002-07-12,0.0,7.5,0.0,0.415743840515,0.282875200999,0.0,0.0,0.0,0.18285366909,221.020535827,,
2002-07-13,0.0,8.4,0.0,0.450632034966,0.282410631891,0.0,0.0,0.0,0.177501651625,221.017806708,,
2002-07-14,0.0,8.3,0.0,0.429201019557,0.281968156613,0.0,0.0,0.0,0.172220890831,221.014929741,,
2002-07-15,0.0,8.0,0.0,0.398938553764,0.281556879753,0.0,0.0,0.0,0.167016013974,221.011907261,,
2002-07-16,0.0,8.5,0.0,0.409306157932,0.281134914642,0.0,0.0,0.0,0.161891209921,221.008741716,,
2002-07-17,0.0,8.7,0.0,0.403640655776,0.280718790255,0.0,0.0,0.0,0.156850245688,221.005435661,222.12,
2002-07-18,0.0,8.5,0.0,0.379623821521,0.28032742549,0.0,0.0,0.0,0.151896483313,221.001991743,,
2002-07-19,0.0,7.8,0.0,0.335641328433,0.279981403502,0.0,0.0,0.0,0.147032896959,220.998412692,,
2002-07-20,0.0,5.9,0.0,0.245376169428,0.279728438379,0.0,0.0,0.0,0.142262090157,220.994701309,,
2002-07-21,0.0,6.2,0.0,0.251317991459,0.279469347666,0.0,0.0,0.0,0.137586313085,220.990860456,,
2002-07-22,0.0,4.5,0.0,0.177550268741,0.279286306152,0.0,0.0,0.0,0.133007479827,220.986893047,,
2002-07-23,0.0,6.6,0.0,0.255373419181,0.279023034586,0.0,0.0,0.0,0.128527185516,220.982802038,,
2002-07-24,0.0,7.3,0.0,0.27445063532,0.278740095787,0.0,0.0,0.0,0.124146723312,220.978590419,,
2002-07-25,0.0,7.4,0.0,0.269486286753,0.278462274872,0.0,0.0,0.0,0.119867101157,220.974261204,,
2002-07-26,0.0,8.0,0.0,0.28207582908,0.278171475049,0.0,0.0,0.0,0.115689058241,220.969817426,,
2002-07-27,0.0,7.8,0.0,0.26557293908,0.277897688513,0.0,0.0,0.0,0.111613081162,220.96526213,,
2002-07-28,0.0,7.5,0.0,0.246802766046,0.277643252672,0.0,0.0,0.0,0.107639419702,220.960598361,,
2002-07-29,0.0,8.6,0.0,0.273883220753,0.277360898836,0.0,0.0,0.0,0.103768102227,220.955829166,222.12,
2002-07-30,0.0,7.8,0.0,0.239229212182,0.277114270783,0.0,0.0,0.0,0.0999989506462,220.95095758,,
2002-07-31,0.0,8.0,0.0,0.237142359419,0.276869794123,0.0,0.0,0.0,0.0963315949303,220.945986625,,
2002-08-01,0.0,7.9,0.0,0.226130723227,0.276636669666,0.0,0.0,0.0,0.0927654871554,220.940919305,,
2002-08-02,0.0,7.7,0.0,0.212926485131,0.276417157826,0.0,0.0,0.0,0.0892999150636,220.935758598,,
2002-08-03,0.0,6.8,0.0,0.181819471739,0.276229715072,0.0,0.0,0.0,0.0859340151246,220.930507457,,
2002-08-04,0.0,6.7,0.0,0.173912879085,0.276050423444,0.0,0.0,0.0,0.0826667850909,220.925168802,,
2002-08-05,0.0,6.7,0.0,0.168907654473,0.275876291841,0.0,0.0,0.0,0.0794970960397,220.919745515,,
2002-08-06,0.0,7.2,0.0,0.176288755237,0.275694550856,0.0,0.0,0.0,0.0764237039004,220.914240444,,
2002-08-07,0.0,7.2,0.0,0.170836525694,0.275518430727,0.0,0.0,0.0,0.0734452604647,220.90865639,,
2002-08-08,0.0,7.6,0.0,0.174750306351,0.275338275772,0.0,0.0,0.0,0.0705603238841,220.902996115,,
2002-08-09,0.0,8.0,0.0,0.177942525729,0.275154829869,0.0,0.0,0.0,0.067767368656,220.897262329,,
2002-08-10,0.0,3.7,0.0,0.0794702938148,0.275072901731,0.0,0.0,0.0,0.0650647951063,220.891457699,,
2002-08-11,0.0,7.0,0.0,0.147959633824,0.274920366026,0.0,0.0,0.0,0.0624509383745,220.885584836,,
2002-08-12,0.0,6.8,0.0,0.139410370741,0.274776643994,0.0,0.0,0.0,0.0599240769118,220.879646303,,
2002-08-13,0.0,7.5,0.0,0.149270124827,0.274622757268,0.0,0.0,0.0,0.0574824404999,220.873644607,,
2002-08-14,0.0,5.8,0.0,0.111716633972,0.27450758548,0.0,0.0,0.0,0.0551242178042,220.867582201,,
2002-08-15,0.0,6.6,0.0,0.123958600706,0.274379793108,0.0,0.0,0.0,0.0528475634719,220.861461485,,
2002-08-16,0.0,7.0,0.0,0.127743965661,0.274248098298,0.0,0.0,0.0,0.0506506047887,220.855284799,,
2002-08-17,0.0,7.0,0.0,0.123902867037,0.274120363384,0.0,0.0,0.0,0.0485314479071,220.849054429,,
2002-08-18,0.0,6.4,0.0,0.109876356905,0.274007088789,0.0,0.0,0.0,0.046488183661,220.842772602,,
2002-08-19,0.0,6.2,0.0,0.103516460387,0.273900370789,0.0,0.0,0.0,0.04451889298,220.83644149,,
2002-08-20,0.0,6.6,0.0,0.107260196692,0.273789793266,0.0,0.0,0.0,0.0426216519193,220.830063205,,
2002-08-21,0.0,6.6,0.0,0.104219314827,0.273682350674,0.0,0.0,0.0,0.0407945363201,220.823639804,,
2002-08-22,0.0,6.7,0.0,0.102798956311,0.273576372368,0.0,0.0,0.0,0.0390356261135,220.817173286,,
2002-08-23,0.0,6.0,0.0,0.0894093092086,0.273484197823,0.0,0.0,0.0,0.0373430092868,220.810665592,,
2002-08-24,0.0,3.5,0.0,0.0508112182487,0.273431815124,0.0,0.0,0.0,0.0357147855228,220.804118608,,
2002-08-25,0.0,4.1,0.0,0.0586268416939,0.273371375081,0.0,0.0,0.0,0.0341490695313,220.797534164,,
2002-08-26,0.0,4.9,0.0,0.0688322412281,0.273300414007,0.0,0.0,0.0,0.032643994084,220.790914034,,
2002-08-27,0.0,5.6,0.0,0.0770096601663,0.273221022605,0.0,0.0,0.0,0.03119771277,220.784259937,,
2002-08-28,0.0,5.5,0.0,0.0738151013622,0.273144924562,0.0,0.0,0.0,0.0298084024849,220.777573539,,
2002-08-29,0.0,6.1,0.0,0.0799334992906,0.273062518893,0.0,0.0,0.0,0.0284742656676,220.770856452,,
2002-08-30,0.0,6.5,0.0,0.0829432200155,0.272977010419,0.0,0.0,0.0,0.0271935322998,220.764110237,,
2002-08-31,0.0,6.3,0.0,0.0781465234893,0.272896446992,0.0,0.0,0.0,0.0259644616794,220.7573364,,
2002-09-01,0.0,4.1,0.0,0.0494809694528,0.272845435684,0.0,0.0,0.0,0.0247853439828,220.750536401,,
2002-09-02,0.0,5.5,0.0,0.0652079010836,0.272778211043,0.0,0.0,0.0,0.0236545016281,220.743711648,,
2002-09-03,0.0,4.4,0.0,0.0509338691282,0.2727257019,0.0,0.0,0.0,0.0225702904512,220.736863501,,
2002-09-04,0.0,5.4,0.0,0.0613282927483,0.272662476856,0.0,0.0,0.0,0.0215311007066,220.729993271,,
2002-09-05,0.0,5.8,0.0,0.0643431906831,0.27259614367,0.0,0.0,0.0,0.0205353579043,220.723102225,,
2002-09-06,0.0,5.4,0.0,0.0584132325656,0.272535923842,0.0,0.0,0.0,0.0195815234951,220.716191584,,
2002-09-07,0.0,4.9,0.0,0.0517751117781,0.272482547438,0.0,0.0,0.0,0.0186680954122,220.709262523,,
2002-09-08,0.7,3.7,0.0,0.0382726063405,0.272443091143,0.0,0.0,0.0,0.0177936084814,220.702316176,,
2002-09-09,0.1,4.5,0.0,0.0458079589332,0.272395866443,0.0,0.0,0.0,0.0169566347092,220.695353633,,
2002-09-10,0.0,5.1,0.0,0.0509121619174,0.272343379678,0.0,0.0,0.0,0.0161557834568,220.688375945,221.66,
2002-09-11,0.0,5.3,0.0,0.0517496345627,0.27229002954,0.0,0.0,0.0,0.0153897015106,220.681384122,,
2002-09-12,0.0,4.3,0.0,0.0410296959176,0.272247730884,0.0,0.0,0.0,0.014657073056,220.674379135,,
2002-09-13,0.0,4.3,0.0,0.040271845005,0.272206213518,0.0,0.0,0.0,0.0139566195635,220.667361919,,
2002-09-14,5.1,1.6,2.1,0.0291410798108,0.274341119621,0.0,0.0,0.0,0.0132870995943,220.660333371,,
2002-09-15,46.0,1.7,43.0,0.344753033744,0.31831560103,0.0,0.0,0.0,0.0126473085323,220.653294352,,
2002-09-16,14.9,2.7,11.9,0.681565975503,0.329880996931,0.0,0.0,0.0,0.0120360782504,220.64624569,,
2002-09-17,29.8,2.4,26.8,0.875098629107,0.356607699376,0.0,0.0,0.0,0.0114522767153,220.639188181,,
2002-09-18,3.8,2.9,0.8,1.05647533653,0.356343291812,0.0,0.0,0.0,0.0108948075397,220.632122585,,
2002-09-19,0.0,3.3,0.0,1.18722026242,0.355119353397,0.0,0.0,0.0,0.0103626094851,220.625049635,,
2002-09-20,0.0,4.0,0.0,1.41865588995,0.353656821552,0.0,0.0,0.0,0.00985465592186,220.61797003,,
2002-09-21,2.0,3.7,0.0,1.28970933226,0.352327224302,0.0,0.0,0.0,0.00936995425162,220.610884443,,
2002-09-22,0.4,3.4,0.0,1.16630234428,0.351124850751,0.0,0.0,0.0,0.00890754529577,220.603793517,,
2002-09-23,0.0,2.8,0.0,0.9464565921,0.350149122306,0.0,0.0,0.0,0.00846650265537,220.596697869,,
2002-09-24,0.0,2.6,0.0,0.868282158314,0.34925398606,0.0,0.0,0.0,0.00804593204622,220.589598088,,
2002-09-25,1.1,2.2,0.0,0.726494872219,0.348505022274,0.0,0.0,0.0,0.00764497061281,220.582494741,,
2002-09-26,0.0,2.9,0.0,0.948602352483,0.347527081705,0.0,0.0,0.0,0.00726278622495,220.575388366,,
2002-09-27,0.0,3.4,0.0,1.09830032415,0.346394813329,0.0,0.0,0.0,0.00689857676017,220.568279481,,
2002-09-28,0.0,3.2,0.0,1.01859751106,0.345344712803,0.0,0.0,0.0,0.00655156937504,220.56116858,,
2002-09-29,0.0,3.6,0.0,1.13017069204,0.344179588378,0.0,0.0,0.0,0.00622101976825,220.554056136,,
2002-09-30,0.0,2.9,0.0,0.896336692899,0.343255529932,0.0,0.0,0.0,0.00590621143801,220.546942601,,
2002-10-01,25.2,1.5,22.2,0.600888299186,0.365522655396,0.0,0.0,0.0,0.00560645493614,220.539828404,,
2002-10-02,1.0,1.9,0.0,0.756221021887,0.364743046095,0.0,0.0,0.0,0.00532108712117,220.532713959,,
2002-10-03,0.6,2.7,0.0,1.06585926857,0.363644222107,0.0,0.0,0.0,0.00504947041224,220.525599659,,
2002-10-04,0.0,3.5,0.0,1.36564490573,0.362236340761,0.0,0.0,0.0,0.00479099204586,220.518485878,,
2002-10-05,0.0,3.1,0.0,1.19138606816,0.361008107701,0.0,0.0,0.0,0.0045450633371,220.511372975,,
2002-10-06,14.9,2.4,11.9,1.03276148938,0.372211446372,0.0,0.0,0.0,0.00431111894659,220.504261291,,
2002-10-07,0.6,2.3,0.0,0.979526361063,0.371201625381,0.0,0.0,0.0,0.00408861615496,220.497151152,,
2002-10-08,1.0,2.3,0.0,0.969848909902,0.370201781144,0.0,0.0,0.0,0.00387703414568,220.490042867,,
2002-10-09,0.2,2.6,0.0,1.08551929573,0.369082689087,0.0,0.0,0.0,0.00367587329752,220.482936733,,
2002-10-10,0.0,1.8,0.0,0.743120168149,0.36831658582,0.0,0.0,0.0,0.00348465448764,220.475833032,,
2002-10-11,0.2,1.7,0.0,0.696409149562,0.367598638244,0.0,0.0,0.0,0.00330291840595,220.468732031,,
2002-10-12,0.2,1.8,0.0,0.731989786827,0.366844009597,0.0,0.0,0.0,0.00313022488183,220.461633986,,
2002-10-13,0.0,1.6,0.0,0.645626730649,0.36617841503,0.0,0.0,0.0,0.00296615222345,220.45453914,,
2002-10-14,0.0,2.8,0.0,1.12208150868,0.365021629969,0.0,0.0,0.0,0.00281029657063,220.447447724,,
2002-10-15,0.3,2.8,0.0,1.10858568297,0.363878758131,0.0,0.0,0.0,0.00266227126146,220.440359958,,
2002-10-16,0.8,2.3,0.0,0.89967143209,0.362951261809,0.0,0.0,0.0,0.00252170621313,220.433276051,,
2002-10-17,0.0,2.6,0.0,1.00697200293,0.361913146342,0.0,0.0,0.0,0.00238824731735,220.426196202,,
2002-10-18,0.0,3.0,0.0,1.14891432928,0.36072869858,0.0,0.0,0.0,0.00226155585055,220.4191206,,
2002-10-19,0.0,3.9,0.0,1.47434135193,0.359208759042,0.0,0.0,0.0,0.00214130789905,220.412049424,,
2002-10-20,10.6,2.8,7.6,1.1321777902,0.36587661699,0.0,0.0,0.0,0.00202719379936,220.404982845,,
2002-10-21,3.6,2.4,0.6,0.964951736915,0.365500378086,0.0,0.0,0.0,0.00191891759366,220.397921023,,
2002-10-22,2.1,2.1,0.0,0.835628308256,0.364638905604,0.0,0.0,0.0,0.00181619650051,220.390864113,,
2002-10-23,0.2,2.2,0.0,0.867523301367,0.363744551685,0.0,0.0,0.0,0.00171876040079,220.383812261,,
2002-10-24,0.0,1.9,0.0,0.742144367504,0.362979454399,0.0,0.0,0.0,0.00162635133873,220.376765603,,
2002-10-25,0.0,1.8,0.0,0.69734590799,0.362260541091,0.0,0.0,0.0,0.00153872303807,220.369724272,,
2002-10-26,0.0,2.1,0.0,0.80727973455,0.361428293942,0.0,0.0,0.0,0.00145564043314,220.36268839,,
2002-10-27,0.0,2.6,0.0,0.990473184376,0.360407187567,0.0,0.0,0.0,0.00137687921475,220.355658076,,
2002-10-28,0.0,3.3,0.0,1.24309882904,0.359125642382,0.0,0.0,0.0,0.00130222539064,220.34863344,,
2002-10-29,0.0,2.5,0.0,0.928392108148,0.358168537116,0.0,0.0,0.0,0.00123147486043,220.341614588,,
2002-10-30,0.3,1.6,0.0,0.58779024744,0.357562567789,0.0,0.0,0.0,0.00116443300471,220.334601619,221.21,
2002-10-31,0.2,1.5,0.0,0.54726604868,0.356998375986,0.0,0.0,0.0,0.00110091428811,220.327594627,,
2002-11-01,0.0,1.3,0.0,0.471241203258,0.356512560313,0.0,0.0,0.0,0.00104074187605,220.320593702,,
2002-11-02,0.1,1.5,0.0,0.540703501954,0.355955134022,0.0,0.0,0.0,0.000983747264978,220.313598927,,
2002-11-03,0.1,1.4,0.0,0.501404948461,0.355438221704,0.0,0.0,0.0,0.000929769925699,220.306610382,,
2002-11-04,0.1,2.3,0.0,0.818782957996,0.354594115562,0.0,0.0,0.0,0.000878656959625,220.299628142,,
2002-11-05,0.0,2.1,0.0,0.740198511164,0.353831024313,0.0,0.0,0.0,0.000830262767577,220.292652277,,
2002-11-06,0.1,2.0,0.0,0.698591869275,0.35311082651,0.0,0.0,0.0,0.000784448730852,220.285682854,,
2002-11-07,0.0,2.6,0.0,0.900367287188,0.352182612811,0.0,0.0,0.0,0.000741082904263,220.278719935,,
2002-11-08,0.0,1.9,0.0,0.650612351424,0.351511878429,0.0,0.0,0.0,0.000700039720823,220.271763581,,
2002-11-09,0.0,2.1,0.0,0.71322893625,0.350776590865,0.0,0.0,0.0,0.000661199707759,220.264813846,,
2002-11-10,0.2,1.5,0.0,0.504853692909,0.350256123141,0.0,0.0,0.0,0.000624449213556,220.257870783,,
2002-11-11,0.0,1.2,0.0,0.401280615704,0.349842431784,0.0,0.0,0.0,0.0005896801457,220.250934441,,
2002-11-12,0.2,1.7,0.0,0.565550558473,0.349259389972,0.0,0.0,0.0,0.000556789718812,220.244004867,,
2002-11-13,13.0,1.4,10.0,0.522483898545,0.359030025128,0.0,0.0,0.0,0.000525680212856,220.237082103,,
2002-11-14,13.6,1.3,10.6,0.541438409304,0.369399676252,0.0,0.0,0.0,0.000496258741113,220.230166191,,
2002-11-15,0.8,1.4,0.0,0.579831444804,0.368801911876,0.0,0.0,0.0,0.000468437027612,220.223257168,,
2002-11-16,1.0,1.4,0.0,0.576344485943,0.368207742303,0.0,0.0,0.0,0.00044213119371,220.21635507,,
2002-11-17,0.0,1.3,0.0,0.531958604141,0.367659331371,0.0,0.0,0.0,0.000417261553521,220.209459931,,
2002-11-18,4.5,0.6,1.5,0.248014307808,0.36895003827,0.0,0.0,0.0,0.000393752417899,220.202571781,,
2002-11-19,11.0,0.6,8.0,0.267993652376,0.376921178835,0.0,0.0,0.0,0.000371531906682,220.19569065,,
2002-11-20,2.1,0.7,0.0,0.311853438267,0.376599680445,0.0,0.0,0.0,0.00035053176891,220.188816564,,
2002-11-21,4.1,1.3,1.1,0.583557547425,0.377132095344,0.0,0.0,0.0,0.000330687210736,220.181949549,,
2002-11-22,4.4,1.0,1.4,0.452397476305,0.378109005162,0.0,0.0,0.0,0.000311936730753,220.175089629,,
2002-11-23,9.7,1.1,6.7,0.527157682595,0.379456538472,0.0,0.0,4.86573500747,0.000294221962476,220.168236825,,
2002-11-24,12.0,0.8,9.0,0.39578296329,0.379591976327,0.0,0.0,8.4728423174,0.000278495588239,220.161391185,,
2002-11-25,0.1,1.0,0.0,0.456633234694,0.379121220414,0.0,0.0,0.0,0.000269019370549,220.154552881,,
2002-11-26,0.1,0.6,0.0,0.272803051036,0.378839980156,0.0,0.0,0.0,0.000274512020296,220.147722332,,
2002-11-27,8.5,0.6,5.5,0.286275208121,0.379704870919,0.0,0.0,4.37478075098,0.00030846459228,220.140900343,,
2002-11-28,1.7,1.4,0.0,0.639945080364,0.379045133723,0.0,0.0,0.0,0.000389781458078,220.134088257,,
2002-11-29,0.0,1.1,0.0,0.499790196231,0.378529886098,0.0,0.0,0.0,0.000542619405878,220.127288107,,
2002-11-30,0.0,1.1,0.0,0.497428644617,0.378017073063,0.0,0.0,0.0,0.000795689950504,220.120502743,,
2002-12-01,0.7,0.5,0.0,0.22503556888,0.377785077631,0.0,0.0,0.0,0.00118123027937,220.113735934,,
2002-12-02,0.1,1.4,0.0,0.628746286179,0.377136885583,0.0,0.0,0.0,0.00173379949289,220.106992431,,
2002-12-03,0.0,0.8,0.0,0.357122951944,0.376768717591,0.0,0.0,0.0,0.00248901718624,220.100277999,,
2002-12-04,0.6,0.4,0.0,0.177947862652,0.376585266187,0.0,0.0,0.0,0.00348232947981,220.093599407,,
2002-12-05,0.2,1.3,0.0,0.577336858511,0.375990073549,0.0,0.0,0.0,0.00474786207069,220.086964394,,
2002-12-06,0.0,1.6,0.0,0.706600490326,0.375261619435,0.0,0.0,0.0,0.00631739966818,220.080381598,,
2002-12-07,0.0,1.1,0.0,0.482449089078,0.37476424924,0.0,0.0,0.0,0.00821951537556,220.073860461,,
2002-12-08,0.0,0.9,0.0,0.392865934651,0.374359232813,0.0,0.0,0.0,0.0104788614098,220.067411124,,
2002-12-09,9.5,0.8,6.5,0.370200879136,0.379618349609,0.0,0.0,1.02845582845,0.0131156233535,220.061044288,,
2002-12-10,5.7,0.9,2.7,0.421506955364,0.379565456747,0.0,0.0,2.32979912086,0.0161453464265,220.05477109,,
2002-12-11,1.2,0.9,0.0,0.410870462801,0.37914187895,0.0,0.0,0.0,0.0195792956346,220.048602975,,
2002-12-12,0.0,0.9,0.0,0.409282046064,0.378719938697,0.0,0.0,0.0,0.0234246581452,220.042551581,,
2002-12-13,11.0,0.6,8.0,0.292418403443,0.379698537728,0.0,0.0,6.75834053577,0.0276846542172,220.036628625,,
2002-12-14,6.3,0.9,3.3,0.42412724844,0.379562755414,0.0,0.0,3.00758159656,0.0323600053294,220.030845831,,
2002-12-15,0.3,1.2,0.0,0.54781377707,0.378997998943,0.0,0.0,0.0,0.0374503705022,220.025214902,,
2002-12-16,0.9,1.2,0.0,0.544989994714,0.378436153587,0.0,0.0,0.0,0.0429550372651,220.019747505,,
2002-12-17,16.0,0.8,13.0,0.40612738481,0.379581311974,0.0,0.0,11.4830689798,0.0488730974896,220.014455271,,
2002-12-18,15.7,0.7,12.7,0.357799445149,0.379631134593,0.0,0.0,12.2938726152,0.0552056653306,220.009349848,,
2002-12-19,0.1,1.1,0.0,0.50247603355,0.379113118063,0.0,0.0,0.0,0.0619593431014,220.004443059,,
2002-12-20,0.1,0.8,0.0,0.363710393544,0.378738158895,0.0,0.0,0.0,0.069147609738,219.999747102,,
2002-12-21,0.2,1.0,0.0,0.453075662061,0.378271070583,0.0,0.0,0.0,0.0767907573528,219.995274738,,
2002-12-22,0.6,0.9,0.0,0.406016514687,0.377852496857,0.0,0.0,0.0,0.0849148643873,219.991039461,,
2002-12-23,0.3,0.9,0.0,0.404446863213,0.377435541328,0.0,0.0,0.0,0.0935501816504,219.987055612,,
2002-12-24,0.7,0.8,0.0,0.358118471092,0.377066347028,0.0,0.0,0.0,0.102729216139,219.983338449,,
2002-12-25,9.2,1.1,6.2,0.520016289856,0.379463900732,0.0,0.0,3.35435661671,0.112484723624,219.979904144,,
2002-12-26,0.0,1.4,0.0,0.638539420937,0.378805612669,0.0,0.0,0.0,0.122848456608,219.976769762,,
2002-12-27,19.0,0.9,16.0,0.469876717613,0.379515591013,0.0,0.0,14.8414442892,0.133849756471,219.973953186,,
2002-12-28,0.0,1.1,0.0,0.501946458809,0.378998120437,0.0,0.0,0.0,0.145517218358,219.971473095,,
2002-12-29,0.0,0.7,0.0,0.317911184607,0.378670376947,0.0,0.0,0.0,0.157879042135,219.969348954,,
2002-12-30,2.5,1.0,0.0,0.452793237281,0.378203579796,0.0,0.0,0.0,0.170962522135,219.967600988,,
2002-12-31,0.0,1.0,0.0,0.450848249148,0.377738787786,0.0,0.0,0.0,0.184793021552,219.966250121,,
2003-01-01,0.0,1.0,0.0,0.448911615776,0.377275992306,0.0,0.0,0.0,0.199392690759,219.965317888,,
2003-01-02,1.2,0.7,0.0,0.312888310892,0.376953427037,0.0,0.0,0.0,0.21477911916,219.964826303,,
2003-01-03,3.1,0.9,0.1,0.401461949327,0.376642641522,0.0,0.0,0.0,0.230964054616,219.964797692,,
2003-01-04,0.1,1.0,0.0,0.444344339676,0.376184554574,0.0,0.0,0.0,0.24795228062,219.965254489,,
2003-01-05,4.0,1.0,1.0,0.446731176705,0.376754934804,0.0,0.0,0.0,0.265740707183,219.966219021,,
2003-01-06,0.0,1.4,0.0,0.622737119692,0.376112937774,0.0,0.0,0.0,0.284317705085,219.967713251,,
2003-01-07,20.2,0.5,17.2,0.258010201118,0.379734010102,0.0,0.0,13.4295496405,0.303662693369,219.969758536,,
2003-01-08,6.2,0.8,3.2,0.376776597247,0.379611570518,0.0,0.0,2.94198979888,0.323748757628,219.972375435,,
2003-01-09,11.5,0.8,8.5,0.394581523721,0.379593214924,0.0,0.0,8.12322340275,0.344544827124,219.9755836,,
2003-01-10,0.0,1.4,0.0,0.639293753723,0.378934149199,0.0,0.0,0.0,0.366018526539,219.979401735,,
2003-01-11,0.0,0.9,0.0,0.408503059494,0.378513012024,0.0,0.0,0.0,0.38813756686,219.9838476,,
2003-01-12,0.0,1.4,0.0,0.632992570139,0.377860442364,0.0,0.0,0.0,0.41087013222,219.988938027,,
2003-01-13,0.0,1.5,0.0,0.674127764774,0.377165465287,0.0,0.0,0.0,0.434184614889,219.994688927,,
2003-01-14,0.0,1.6,0.0,0.714436435245,0.376428932879,0.0,0.0,0.0,0.458048965488,220.001115274,,
2003-01-15,0.0,1.4,0.0,0.620835441796,0.375788896341,0.0,0.0,0.0,0.482429856953,220.008231079,,
2003-01-16,0.0,1.2,0.0,0.528944481707,0.375243592752,0.0,0.0,0.0,0.5072918058,220.016049318,,
2003-01-17,0.0,1.0,0.0,0.4385149698,0.374791515464,0.0,0.0,0.0,0.532596350746,220.024581857,,
2003-01-18,1.7,1.0,0.0,0.436631314431,0.374341380088,0.0,0.0,0.0,0.558301354541,220.033839345,,
2003-01-19,5.0,1.5,2.0,0.665020223487,0.375717647899,0.0,0.0,0.0,0.584360468475,220.043831092,,
2003-01-20,12.7,0.6,9.7,0.289294119747,0.379701758639,0.0,0.0,5.54611846168,0.610722778902,220.054564947,,
2003-01-21,0.3,1.4,0.0,0.639926925397,0.37904204016,0.0,0.0,0.0,0.637333789152,220.066047189,,
2003-01-22,2.8,0.9,0.0,0.408907650599,0.378620485881,0.0,0.0,0.0,0.664136051027,220.078282452,,
2003-01-23,0.0,1.6,0.0,0.724136572538,0.377873953332,0.0,0.0,0.0,0.691069574632,220.09127365,,
2003-01-24,0.0,1.9,0.0,0.854002130542,0.376993538764,0.0,0.0,0.0,0.718072111114,220.105021914,,
2003-01-25,0.0,1.7,0.0,0.757870899579,0.376212228558,0.0,0.0,0.0,0.745079375784,220.119526539,,
2003-01-26,0.0,1.8,0.0,0.796591714188,0.375390999987,0.0,0.0,0.0,0.772025257866,220.134784929,,
2003-01-27,0.0,1.7,0.0,0.746519583241,0.374621392169,0.0,0.0,0.0,0.798842046706,220.15079256,,
2003-01-28,0.0,2.0,0.0,0.871844934744,0.373722582958,0.0,0.0,0.0,0.825460691789,220.167542937,,
2003-01-29,0.0,2.4,0.0,1.03722582958,0.372653277979,0.0,0.0,0.0,0.851811104567,220.185027572,,
2003-01-30,0.0,2.0,0.0,0.85544398316,0.371771376966,0.0,0.0,0.0,0.877822503325,220.203235962,,
2003-01-31,0.0,1.8,0.0,0.763285327242,0.370984484876,0.0,0.0,0.0,0.903423797615,220.222155586,,
2003-02-01,0.0,1.7,0.0,0.71530676787,0.370247055218,0.0,0.0,0.0,0.928544005571,220.241771909,,
2003-02-02,0.0,1.5,0.0,0.626544095113,0.369601133471,0.0,0.0,0.0,0.953112695597,220.262068398,,
2003-02-03,0.1,1.5,0.0,0.622507084191,0.36895937359,0.0,0.0,0.0,0.977060442942,220.283026557,,
2003-02-04,0.0,1.1,0.0,0.453563795621,0.368491782048,0.0,0.0,0.0,1.00031929144,220.304625967,,
2003-02-05,0.1,1.9,0.0,0.779726607881,0.367687940184,0.0,0.0,0.0,1.02282321101,220.326844348,,
2003-02-06,0.0,1.7,0.0,0.691956242972,0.366974583233,0.0,0.0,0.0,1.04450854226,220.349657622,,
2003-02-07,5.0,0.9,2.0,0.371386645886,0.368653566072,0.0,0.0,0.0,1.06531442019,220.373040002,,
2003-02-08,0.1,1.6,0.0,0.65769044048,0.36797553469,0.0,0.0,0.0,1.08518317044,220.39696408,,
2003-02-09,0.0,1.7,0.0,0.693993370722,0.367260077607,0.0,0.0,0.0,1.10406067232,220.421400932,,
2003-02-10,0.1,1.6,0.0,0.648400517379,0.366591623465,0.0,0.0,0.0,1.12189668416,220.446320233,,
2003-02-11,0.0,1.0,0.0,0.402465097772,0.366176710993,0.0,0.0,0.0,1.13864512772,220.471690373,,
2003-02-12,0.6,1.6,0.0,0.641178073289,0.36551570267,0.0,0.0,0.0,1.15426432922,220.497478587,,
2003-02-13,0.0,1.9,0.0,0.756165979474,0.364736150114,0.0,0.0,0.0,1.16871721578,220.523651087,,
2003-02-14,0.0,1.9,0.0,0.749994521738,0.363962959886,0.0,0.0,0.0,1.18197146689,220.550173199,,
2003-02-15,0.0,2.2,0.0,0.861327132285,0.36307499377,0.0,0.0,0.0,1.19399962109,220.577009504,,
2003-02-16,0.0,2.1,0.0,0.814406195486,0.362235399754,0.0,0.0,0.0,1.2047791392,220.604123976,,
2003-02-17,0.0,1.9,0.0,0.730196914718,0.361482619429,0.0,0.0,0.0,1.21429242546,220.63148013,,
2003-02-18,13.0,0.5,10.0,0.212066453708,0.37157327257,0.0,0.0,0.0,1.22252680887,220.659041156,,
2003-02-19,11.9,1.4,8.9,0.646033093428,0.379333986502,0.0,0.0,0.726074392857,1.2294744872,220.686770064,222.45,
2003-02-20,4.3,1.5,1.3,0.691713704295,0.379286893088,0.0,0.0,0.653966906572,1.23513258684,220.714629822,,
2003-02-21,1.3,0.7,0.0,0.318753438174,0.378958281296,0.0,0.0,0.0,1.23950325715,220.742583501,,
2003-02-22,0.0,1.5,0.0,0.680989258103,0.378256230515,0.0,0.0,0.0,1.24259362322,220.770594417,,
2003-02-23,0.0,1.9,0.0,0.857028491576,0.377372695987,0.0,0.0,0.0,1.24441563187,220.798626266,,
2003-02-24,8.2,1.1,5.2,0.516695303345,0.37946732443,0.0,0.0,2.65151510785,1.24498581929,220.826643261,,
2003-02-25,10.8,1.3,7.8,0.636504708358,0.379343809579,0.0,0.0,7.28330469666,1.24432557232,220.854610261,,
2003-02-26,6.2,1.6,3.2,0.750951857675,0.379225822827,0.0,0.0,2.56349529164,1.242462608,220.882492959,,
2003-02-27,0.6,1.9,0.0,0.864704430715,0.37833437496,0.0,0.0,0.0,1.23943207958,220.910258089,,
2003-02-28,0.0,2.2,0.0,0.993065103804,0.377310596503,0.0,0.0,0.0,1.23527678608,220.937873647,,
2003-03-01,0.1,1.7,0.0,0.760116725229,0.376526971013,0.0,0.0,0.0,1.23004675207,220.965309092,,
2003-03-02,0.1,1.9,0.0,0.843338520519,0.375657549858,0.0,0.0,0.0,1.22379838707,220.992535528,,
2003-03-03,0.0,1.8,0.0,0.792431623933,0.374840610039,0.0,0.0,0.0,1.21659338753,221.019525855,,
2003-03-04,0.1,3.0,0.0,1.31050762549,0.37348957125,0.0,0.0,0.0,1.20849750576,221.046254882,,
2003-03-05,0.0,2.6,0.0,1.12113702188,0.372333759887,0.0,0.0,0.0,1.19957927913,221.072699403,,
2003-03-06,0.0,2.9,0.0,1.23653293197,0.371058983669,0.0,0.0,0.0,1.18990878749,221.098838242,,
2003-03-07,0.0,1.9,0.0,0.800050287378,0.370234189558,0.0,0.0,0.0,1.17955648697,221.124652258,,
2003-03-08,0.0,2.7,0.0,1.12763463253,0.369071679628,0.0,0.0,0.0,1.16859215193,221.150124325,,
2003-03-09,0.0,2.9,0.0,1.19711612883,0.367837539289,0.0,0.0,0.0,1.15708394455,221.175239284,,
2003-03-10,0.0,3.4,0.0,1.38603180659,0.366408640519,0.0,0.0,0.0,1.14509762182,221.199983871,,
2003-03-11,0.0,3.9,0.0,1.56664040843,0.364793547314,0.0,0.0,0.0,1.13269588226,221.224346628,,
2003-03-12,0.0,3.6,0.0,1.42190320972,0.363327667717,0.0,0.0,0.0,1.11993784931,221.2483178,,
2003-03-13,0.0,3.4,0.0,1.32214195932,0.361964634769,0.0,0.0,0.0,1.10687868453,221.271889219,,
2003-03-14,0.0,2.7,0.0,1.03460214115,0.360898034624,0.0,0.0,0.0,1.09356932073,221.29505418,,
2003-03-15,0.0,3.2,0.0,1.21197379498,0.359648577103,0.0,0.0,0.0,1.08005630395,221.317807316,,
2003-03-16,0.0,2.6,0.0,0.971192918615,0.35864734729,0.0,0.0,0.0,1.0663817318,221.340144468,,
2003-03-17,9.1,1.3,6.1,0.514236705037,0.364405866151,0.0,0.0,0.0,1.05258327558,221.36206256,,
2003-03-18,0.0,2.1,0.0,0.826051328819,0.363554266843,0.0,0.0,0.0,1.03869427378,221.38355947,,
2003-03-19,0.0,2.3,0.0,0.896561723909,0.362629976406,0.0,0.0,0.0,1.02474388469,221.404633912,,
2003-03-20,0.0,4.0,0.0,1.54383294009,0.361038396055,0.0,0.0,0.0,1.01075728698,221.42528532,,
2003-03-21,0.2,3.5,0.0,1.3276432758,0.359669691647,0.0,0.0,0.0,0.996755917393,221.445513744,,
2003-03-22,0.0,2.9,0.0,1.08350877407,0.358552672292,0.0,0.0,0.0,0.982757736193,221.465319743,223.0,
2003-03-23,0.0,2.1,0.0,0.774835882557,0.357753872413,0.0,0.0,0.0,0.968777511618,221.484704301,,
2003-03-24,0.5,2.9,0.0,1.06035929166,0.356660718504,0.0,0.0,0.0,0.954827115708,221.503668738,,
2003-03-25,15.2,2.0,12.2,0.826983650767,0.368385477627,0.0,0.0,0.0,0.940915824893,221.522214637,,
2003-03-26,1.9,2.2,0.0,0.901866878251,0.367455717959,0.0,0.0,0.0,0.927050619656,221.540343781,,
2003-03-27,4.9,2.1,1.9,0.869876707399,0.368517700735,0.0,0.0,0.0,0.913236478455,221.558058092,,
2003-03-28,0.4,2.6,0.0,1.06727509129,0.367417417136,0.0,0.0,0.0,0.899476661979,221.575359583,,
2003-03-29,5.9,2.3,2.9,0.962234783632,0.369415113235,0.0,0.0,0.0,0.885772984546,221.592250317,,
2003-03-30,0.3,2.8,0.0,1.15984298774,0.368219398815,0.0,0.0,0.0,0.872126070167,221.608732371,,
2003-03-31,0.2,3.3,0.0,1.3505167337,0.366827113522,0.0,0.0,0.0,0.858535591417,221.624807812,,
2003-04-01,0.0,2.5,0.0,1.00861576586,0.365787303454,0.0,0.0,0.0,0.845000489843,221.640478674,,
2003-04-02,0.0,3.6,0.0,1.43680955181,0.364306056494,0.0,0.0,0.0,0.831519177067,221.655746944,,
2003-04-03,0.0,4.4,0.0,1.72894436905,0.362523639618,0.0,0.0,0.0,0.818089716236,221.670614551,,
2003-04-04,0.0,4.7,0.0,1.81192127586,0.36065567954,0.0,0.0,0.0,0.804709983767,221.68508336,,
2003-04-05,0.0,4.2,0.0,1.58647439195,0.35902013893,0.0,0.0,0.0,0.791377811685,221.699155173,,
2003-04-06,0.0,4.4,0.0,1.63203588038,0.357337627713,0.0,0.0,0.0,0.778091111079,221.71283173,,
2003-04-07,0.0,4.5,0.0,1.63758051962,0.355649400373,0.0,0.0,0.0,0.764847977407,221.726114717,,
2003-04-08,0.0,4.1,0.0,1.46317725637,0.354140970212,0.0,0.0,0.0,0.751646778546,221.739005767,,
2003-04-09,0.0,2.8,0.0,0.981644652473,0.353128965416,0.0,0.0,0.0,0.738486226598,221.751506478,,
2003-04-10,1.0,2.2,0.0,0.76201551631,0.352343382409,0.0,0.0,0.0,0.725365434568,221.76361842,,
2003-04-11,0.2,2.6,0.0,0.892053309432,0.351423739822,0.0,0.0,0.0,0.712283959055,221.775343148,,
2003-04-12,0.8,2.0,0.0,0.678531165184,0.350724223157,0.0,0.0,0.0,0.699241830162,221.786682215,,
2003-04-13,21.2,1.6,18.2,0.663247398366,0.36880334955,0.0,0.0,0.0,0.686239569828,221.797637191,,
2003-04-14,33.5,1.8,30.5,0.976849863896,0.378992938285,0.0,0.0,19.6392490638,0.673278199771,221.80820967,,
2003-04-15,6.8,2.2,3.8,1.0350125872,0.378932976714,0.0,0.0,2.8231501361,0.660363309011,221.818401404,,
2003-04-16,0.1,3.8,0.0,1.72477213131,0.377154861115,0.0,0.0,0.0,0.647507820299,221.828214515,,
2003-04-17,0.1,3.8,0.0,1.69661863432,0.375405769739,0.0,0.0,0.0,0.6347331073,221.837651731,,
2003-04-18,7.5,1.9,4.5,0.871189147894,0.379101866858,0.0,0.0,0.0435966471745,0.62206893813,221.846716627,223.29,
2003-04-19,0.1,2.9,0.0,1.31831422453,0.377742780028,0.0,0.0,0.0,0.609552629125,221.855413842,223.32,
2003-04-20,0.0,2.6,0.0,1.16721345031,0.376539467193,0.0,0.0,0.0,0.597227687557,221.863749253,223.35,
2003-04-21,0.0,4.3,0.0,1.90883212054,0.374571599028,0.0,0.0,0.0,0.58514216835,221.871730102,223.34,
2003-04-22,20.3,2.0,17.3,1.02005542145,0.378948396473,0.0,0.0,12.0344510567,0.573346914267,221.879365075,223.37,
2003-04-23,0.1,3.1,0.0,1.40725012111,0.377497623152,0.0,0.0,0.0,0.561896297368,221.886664405,223.36,
2003-04-24,0.0,3.2,0.0,1.43330164203,0.376019992593,0.0,0.0,0.0,0.550847906234,221.893639956,223.34,
2003-04-25,0.0,4.3,0.0,1.8995248673,0.374061719534,0.0,0.0,0.0,0.540261548594,221.900305289,223.36,
2003-04-26,2.0,4.5,0.0,1.95115724127,0.372050217224,0.0,0.0,0.0,0.530197852958,221.906675682,223.38,
2003-04-27,0.0,4.7,0.0,1.99848342063,0.369989925037,0.0,0.0,0.0,0.5207166828,221.912768107,223.37,
2003-04-28,2.3,2.5,0.0,1.04156171914,0.368916150069,0.0,0.0,0.0,0.511875520382,221.918601157,223.4,
2003-04-29,0.1,3.5,0.0,1.44252718851,0.367429008638,0.0,0.0,0.0,0.503727931947,221.924194938,223.39,
2003-04-30,0.5,4.1,0.0,1.66441223089,0.36571311974,0.0,0.0,0.0,0.496322190137,221.929570911,223.4,
2003-05-01,0.0,4.3,0.0,1.71486006201,0.363945222769,0.0,0.0,0.0,0.489700101274,221.934751708,223.4,
2003-05-02,0.0,4.6,0.0,1.80061676973,0.362088916821,0.0,0.0,0.0,0.48389606335,221.939760919,223.4,
2003-05-03,0.0,5.3,0.0,2.03363024645,0.359992390793,0.0,0.0,0.0,0.478936364017,221.944622859,223.41,
2003-05-04,0.0,3.3,0.0,1.23739537341,0.35871672546,0.0,0.0,0.0,0.474838715552,221.94936232,223.43,
2003-05-05,15.7,3.2,12.7,1.35746011953,0.370410065543,0.0,0.0,0.0,0.471612014916,221.954004324,223.43,
2003-05-06,0.0,4.4,0.0,1.84085120162,0.368512280799,0.0,0.0,0.0,0.469256310931,221.958573865,223.44,
2003-05-07,0.0,4.3,0.0,1.76501169765,0.366692681111,0.0,0.0,0.0,0.467762956683,221.963095661,223.43,
2003-05-08,0.0,4.3,0.0,1.73241053656,0.364906690867,0.0,0.0,0.0,0.467114923095,221.967593918,223.44,
2003-05-09,0.0,5.2,0.0,2.05631163545,0.362786781964,0.0,0.0,0.0,0.467287248706,221.9720921,223.44,
2003-05-10,0.0,5.5,0.0,2.12636375335,0.360594654383,0.0,0.0,0.0,0.468247600891,221.976612723,223.45,
2003-05-11,0.0,5.7,0.0,2.15162304161,0.358376486299,0.0,0.0,0.0,0.469956924593,221.98117716,223.44,
2003-05-12,0.0,5.7,0.0,2.09894154961,0.356212629032,0.0,0.0,0.0,0.472370156075,221.985805476,223.44,
2003-05-13,0.0,5.8,0.0,2.08347186827,0.354064719889,0.0,0.0,0.0,0.475436980972,221.990516272,223.45,
2003-05-14,0.0,6.0,0.0,2.10161799723,0.351898103397,0.0,0.0,0.0,0.47910261788,221.995326567,223.46,
2003-05-15,0.0,6.3,0.0,2.14982521417,0.349681788743,0.0,0.0,0.0,0.483308610881,222.000251688,223.46,
2003-05-16,0.0,5.7,0.0,1.89244248265,0.347730817112,0.0,0.0,0.0,0.487993616471,222.005305195,223.47,
2003-05-17,0.0,5.6,0.0,1.81371906594,0.345861003642,0.0,0.0,0.0,0.493094172504,222.010498816,223.46,
2003-05-18,0.0,5.3,0.0,1.67526383042,0.344133927528,0.0,0.0,0.0,0.498545438759,222.015842417,223.45,
2003-05-19,0.0,6.0,0.0,1.8533481882,0.342223259293,0.0,0.0,0.0,0.504281900662,222.02134398,223.45,
2003-05-20,0.0,6.6,0.0,1.98613963055,0.340175692663,0.0,0.0,0.0,0.510238029436,222.027009605,223.44,
2003-05-21,0.0,6.8,0.0,1.98831129212,0.338125887207,0.0,0.0,0.0,0.516348893609,222.032843531,223.45,
2003-05-22,0.0,7.6,0.0,2.15731976157,0.335901846216,0.0,0.0,0.0,0.522550718225,222.03884817,223.44,
2003-05-23,0.0,7.4,0.0,2.03197359166,0.33380702808,0.0,0.0,0.0,0.528781389449,222.045024156,223.45,
2003-05-24,0.0,6.8,0.0,1.80786579561,0.33194324891,0.0,0.0,0.0,0.534980903359,222.051370409,223.48,
2003-05-25,0.1,6.1,0.0,1.57439090979,0.330320165497,0.0,0.0,0.0,0.541091758747,222.057884206,223.47,
2003-05-26,0.0,6.6,0.0,1.65880455118,0.328610057713,0.0,0.0,0.0,0.547059294561,222.064561267,223.47,
2003-05-27,0.0,7.6,0.0,1.8559851609,0.326696670949,0.0,0.0,0.0,0.552831973369,222.071395843,223.48,
2003-05-28,0.0,7.6,0.0,1.79539458005,0.324845748701,0.0,0.0,0.0,0.558361612768,222.078380814,223.49,
2003-05-29,0.1,6.0,0.0,1.37114371754,0.323432198477,0.0,0.0,0.0,0.563603567182,222.085507794,223.5,
2003-05-30,0.2,4.4,0.0,0.979590305415,0.322422311564,0.0,0.0,0.0,0.568516862804,222.092767236,223.49,
2003-05-31,0.4,6.4,0.0,1.39792830838,0.32098114836,0.0,0.0,0.0,0.57306428877,222.100148538,223.48,
2003-06-01,0.0,6.1,0.0,1.29577085415,0.319645302118,0.0,0.0,0.0,0.577212447796,222.107640157,223.47,
2003-06-02,0.4,5.0,0.0,1.03427712747,0.318579037039,0.0,0.0,0.0,0.580931769648,222.115229718,223.47,
2003-06-03,0.0,4.3,0.0,0.870374413608,0.317681743829,0.0,0.0,0.0,0.584196490876,222.122904125,223.47,
2003-06-04,0.0,4.6,0.0,0.91390009005,0.316739578787,0.0,0.0,0.0,0.586984604243,222.130649664,223.47,
2003-06-05,0.0,6.7,0.0,1.30481324115,0.315394410498,0.0,0.0,0.0,0.58927778122,222.138452117,223.45,
2003-06-06,0.0,6.6,0.0,1.24834628868,0.314107455561,0.0,0.0,0.0,0.591061270854,222.146296858,223.44,
2003-06-07,0.0,7.3,0.0,1.34160177331,0.312724360949,0.0,0.0,0.0,0.592323778213,222.154168953,223.45,
2003-06-08,0.0,7.8,0.0,1.38854173085,0.311292874629,0.0,0.0,0.0,0.593057325436,222.16205326,223.44,
2003-06-09,0.0,7.3,0.0,1.25599160329,0.309998037924,0.0,0.0,0.0,0.593257098305,222.169934515,223.43,
2003-06-10,0.0,7.2,0.0,1.19994113773,0.308760985205,0.0,0.0,0.0,0.592921281049,222.177797418,223.42,
2003-06-11,0.0,5.8,0.0,0.936723809119,0.307795290556,0.0,0.0,0.0,0.592050881938,222.185626716,223.42,
2003-06-12,0.0,8.4,0.0,1.32283516947,0.306431542959,0.0,0.0,0.0,0.590649552002,222.193407277,223.42,
2003-06-13,0.0,7.5,0.0,1.13848571747,0.305257846343,0.0,0.0,0.0,0.588723399072,222.201124159,223.41,
2003-06-14,0.0,7.3,0.0,1.0724261596,0.304152252364,0.0,0.0,0.0,0.586280799083,222.208762679,223.39,
2003-06-15,0.0,6.9,0.0,0.981877255467,0.303140007771,0.0,0.0,0.0,0.583332206458,222.216308466,223.38,
2003-06-16,0.0,3.7,0.0,0.510908453133,0.302613298025,0.0,0.0,0.0,0.579889965156,222.223747519,223.38,
2003-06-17,0.0,6.6,0.0,0.896865695696,0.301688694215,0.0,0.0,0.0,0.575968121821,222.231066254,223.38,
2003-06-18,0.0,7.5,0.0,0.990271694228,0.300667795561,0.0,0.0,0.0,0.571582242276,222.238251546,223.38,
2003-06-19,0.0,9.1,0.0,1.16282058171,0.299469011457,0.0,0.0,0.0,0.566749232466,222.245290769,223.36,
2003-06-20,0.0,8.6,0.0,1.05597291053,0.29838037959,0.0,0.0,0.0,0.561487164776,222.252171825,223.35,
2003-06-21,0.0,7.9,0.0,0.93418749484,0.297417299698,0.0,0.0,0.0,0.555815110518,222.258883177,223.35,
2003-06-22,0.0,6.3,0.0,0.719704117085,0.296675336691,0.0,0.0,0.0,0.549752979251,222.265413868,223.35,
2003-06-23,0.0,6.5,0.0,0.722457035386,0.295930535624,0.0,0.0,0.0,0.54332136545,222.271753542,223.34,
2003-06-24,0.0,5.9,0.0,0.637459000751,0.295273361396,0.0,0.0,0.0,0.536541402955,222.277892459,223.32,
2003-06-25,0.0,7.1,0.0,0.747670274638,0.294502567299,0.0,0.0,0.0,0.529434627499,222.283821505,223.31,
2003-06-26,0.0,7.3,0.0,0.745286422,0.293734230781,0.0,0.0,0.0,0.522022847533,222.289532197,223.3,
2003-06-27,0.0,7.1,0.0,0.702137660608,0.293010377523,0.0,0.0,0.0,0.514328023467,222.295016692,223.29,
2003-06-28,0.0,7.0,0.0,0.67113601108,0.292318484728,0.0,0.0,0.0,0.506372155388,222.300267783,223.3,
2003-06-29,0.3,5.9,0.0,0.548662749559,0.291752853027,0.0,0.0,0.0,0.498177179212,222.305278897,223.29,
2003-06-30,0.4,5.0,0.0,0.453184438068,0.291285652576,0.0,0.0,0.0,0.489764871215,222.310044091,223.28,
2003-07-01,1.1,6.1,0.0,0.541010336297,0.290727909961,0.0,0.0,0.0,0.481156760773,222.314558045,223.26,
2003-07-02,0.0,4.8,0.0,0.414558199218,0.290300530374,0.0,0.0,0.0,0.472374051163,222.318816048,223.25,
2003-07-03,0.0,6.4,0.0,0.541347476642,0.289742440192,0.0,0.0,0.0,0.46343754817,222.322813992,223.24,
2003-07-04,0.0,7.1,0.0,0.584047189012,0.289140329688,0.0,0.0,0.0,0.454367596267,222.326548353,223.23,
2003-07-05,0.0,7.2,0.0,0.574209890635,0.288548360728,0.0,0.0,0.0,0.445184022072,222.330016176,,
2003-07-06,0.0,6.8,0.0,0.525536887305,0.288006570123,0.0,0.0,0.0,0.435906084783,222.333215062,,
2003-07-07,0.0,7.2,0.0,0.540197103688,0.287449665892,0.0,0.0,0.0,0.426552433257,222.336143146,,
2003-07-08,0.0,7.9,0.0,0.574384835623,0.286857516577,0.0,0.0,0.0,0.417141069414,222.338799081,,
2003-07-09,0.0,8.1,0.0,0.568941184482,0.286270979274,0.0,0.0,0.0,0.407689317607,222.341182015,,
2003-07-10,0.0,7.6,0.0,0.515247677,0.285739796102,0.0,0.0,0.0,0.398213799608,222.343291572,,
2003-07-11,0.0,7.5,0.0,0.491868628172,0.285232715042,0.0,0.0,0.0,0.388730414867,222.345127832,,
2003-07-12,0.0,6.6,0.0,0.418899663642,0.284800859718,0.0,0.0,0.0,0.379254325685,222.346691305,,
2003-07-13,0.0,4.1,0.0,0.252848020186,0.284540191656,0.0,0.0,0.0,0.369799946949,222.347982916,,
2003-07-14,0.0,4.7,0.0,0.284745419933,0.284246639677,0.0,0.0,0.0,0.3603809401,222.349003978,,
2003-07-15,1.0,5.1,0.0,0.302741093133,0.283934535457,0.0,0.0,0.0,0.351010210981,222.34975617,,
2003-07-16,0.0,6.3,0.0,0.365781555749,0.28355744107,0.0,0.0,0.0,0.341699911244,222.350241518,,
2003-07-17,0.0,6.6,0.0,0.372829629418,0.283173080627,0.0,0.0,0.0,0.332461443009,222.35046237,,
2003-07-18,0.0,7.1,0.0,0.389703635217,0.282771324302,0.0,0.0,0.0,0.323305466448,222.350421378,,
2003-07-19,0.0,7.1,0.0,0.377818343936,0.282381820855,0.0,0.0,0.0,0.314241910023,222.350121472,,
2003-07-20,0.0,7.8,0.0,0.402409177778,0.281966966032,0.0,0.0,0.0,0.305279983079,222.349565845,,
2003-07-21,0.0,7.3,0.0,0.363995216815,0.281591713231,0.0,0.0,0.0,0.296428190533,222.348757926,,
2003-07-22,0.0,7.2,0.0,0.347751396943,0.281233206637,0.0,0.0,0.0,0.287694349408,222.347701367,,
2003-07-23,0.0,7.5,0.0,0.351037707395,0.280871312093,0.0,0.0,0.0,0.279085606958,222.346400018,,
2003-07-24,0.0,7.2,0.0,0.326139362788,0.280535085946,0.0,0.0,0.0,0.270608460176,222.34485791,,
2003-07-25,0.0,7.8,0.0,0.342390293236,0.280182106262,0.0,0.0,0.0,0.262268776457,222.343079239,,
2003-07-26,0.0,7.4,0.0,0.313948276411,0.279858448245,0.0,0.0,0.0,0.254071815226,222.341068346,,
2003-07-27,0.0,6.4,0.0,0.262891953202,0.279587425613,0.0,0.0,0.0,0.246022250345,222.3388297,,
2003-07-28,0.0,7.5,0.0,0.299607050403,0.279278552365,0.0,0.0,0.0,0.238124193127,222.336367882,,
2003-07-29,0.3,6.5,0.0,0.251294126554,0.279019486255,0.0,0.0,0.0,0.230381215793,222.333687571,,
2003-07-30,0.0,6.9,0.0,0.259310229837,0.278752156121,0.0,0.0,0.0,0.222796375236,222.330793529,,
2003-07-31,0.0,7.7,0.0,0.280798342227,0.278462673294,0.0,0.0,0.0,0.215372236952,222.327690584,,
2003-08-01,0.0,7.9,0.0,0.278562995938,0.278175494948,0.0,0.0,0.0,0.208110899016,222.32438362,,
2003-08-02,0.0,8.8,0.0,0.299768148093,0.27786645562,0.0,0.0,0.0,0.201014015991,222.320877563,,
2003-08-03,0.0,9.2,0.0,0.301547465436,0.277555581944,0.0,0.0,0.0,0.194082822678,222.317177367,,
2003-08-04,0.0,8.0,0.0,0.251852731478,0.277295939953,0.0,0.0,0.0,0.18731815761,222.313288006,,
2003-08-05,0.0,7.4,0.0,0.224958148555,0.277064024336,0.0,0.0,0.0,0.180720486201,222.309214462,,
2003-08-06,0.0,7.9,0.0,0.232524134396,0.276824308734,0.0,0.0,0.0,0.174289923506,222.304961713,,
2003-08-07,0.1,8.3,0.0,0.236007343704,0.276581002194,0.0,0.0,0.0,0.168026256503,222.300534728,,
2003-08-08,0.0,8.3,0.0,0.227592992532,0.276346370243,0.0,0.0,0.0,0.161928965848,222.295938454,,
2003-08-09,0.0,7.7,0.0,0.203612711951,0.27613646023,0.0,0.0,0.0,0.155997247074,222.291177809,,
2003-08-10,0.0,7.1,0.0,0.18153694848,0.275949308737,0.0,0.0,0.0,0.15023003117,222.286257675,,
2003-08-11,0.0,8.0,0.0,0.198310291235,0.275744865138,0.0,0.0,0.0,0.144626004521,222.281182894,,
2003-08-12,0.0,7.9,0.0,0.189101810787,0.275549914817,0.0,0.0,0.0,0.139183628182,222.275958255,,
2003-08-13,0.0,8.3,0.0,0.191934554103,0.275352044143,0.0,0.0,0.0,0.13390115646,222.270588493,,
2003-08-14,0.0,9.3,0.0,0.207391710545,0.275138238256,0.0,0.0,0.0,0.128776654788,222.265078283,222.75,
2003-08-15,0.0,7.8,0.0,0.166992743318,0.274966080789,0.0,0.0,0.0,0.123808016882,222.259432235,,
2003-08-16,0.0,6.1,0.0,0.126221220043,0.274835955819,0.0,0.0,0.0,0.118992981174,222.253654887,,
2003-08-17,0.0,5.4,0.0,0.108809005938,0.274723781587,0.0,0.0,0.0,0.114329146517,222.247750707,,
2003-08-18,0.0,6.6,0.0,0.12990399363,0.274589859944,0.0,0.0,0.0,0.109813987158,222.241724082,,
2003-08-19,0.0,6.9,0.0,0.131958473379,0.27445382028,0.0,0.0,0.0,0.105444866993,222.235579321,,
2003-08-20,0.0,7.2,0.0,0.133614608411,0.274316073261,0.0,0.0,0.0,0.101219053099,222.22932065,,
2003-08-21,0.0,6.9,0.0,0.124087106265,0.27418814841,0.0,0.0,0.0,0.0971337285601,222.22295221,,
2003-08-22,0.0,6.4,0.0,0.111683957588,0.274073010309,0.0,0.0,0.0,0.0931860045937,222.216478054,,
2003-08-23,0.0,6.7,0.0,0.113704871125,0.273955788792,0.0,0.0,0.0,0.0893729319933,222.209902146,,
2003-08-24,0.0,5.9,0.0,0.0972464744781,0.273855534695,0.0,0.0,0.0,0.0856915119022,222.203228361,,
2003-08-25,0.0,5.4,0.0,0.0867495306359,0.273766102189,0.0,0.0,0.0,0.0821387059333,222.196460483,,
2003-08-26,0.0,5.9,0.0,0.0925833454825,0.273670655441,0.0,0.0,0.0,0.0787114456537,222.189602204,,
2003-08-27,0.0,2.8,0.0,0.0428243134806,0.273626506664,0.0,0.0,0.0,0.0754066414528,222.182657121,,
2003-08-28,0.0,3.4,0.0,0.0513755110792,0.27357354222,0.0,0.0,0.0,0.0722211908131,222.175628742,,
2003-08-29,1.4,4.5,0.0,0.067003916625,0.273504466017,0.0,0.0,0.0,0.0691519860038,222.168520481,,
2003-08-30,2.4,5.5,0.0,0.080310679563,0.273421671502,0.0,0.0,0.0,0.0661959212188,222.16133566,,
2003-08-31,0.0,5.0,0.0,0.0712848229642,0.273348181994,0.0,0.0,0.0,0.0633498991799,222.154077506,,
2003-09-01,0.0,5.0,0.0,0.0697537915432,0.273276270869,0.0,0.0,0.0,0.0606108372257,222.146749158,,
2003-09-02,0.0,5.4,0.0,0.0737160945473,0.273200274895,0.0,0.0,0.0,0.0579756729094,222.139353662,,
2003-09-03,0.0,4.9,0.0,0.0653389457731,0.273132915157,0.0,0.0,0.0,0.0554413691258,222.131893975,,
2003-09-04,0.0,4.7,0.0,0.0613529218265,0.273069664722,0.0,0.0,0.0,0.053004918789,222.124372964,,
2003-09-05,0.0,5.5,0.0,0.0703464832177,0.272997142575,0.0,0.0,0.0,0.0506633490832,222.116793407,,
2003-09-06,0.0,5.7,0.0,0.0711821361462,0.272923758929,0.0,0.0,0.0,0.0484137253063,222.109157997,,
2003-09-07,0.0,6.0,0.0,0.0730939732267,0.272848404317,0.0,0.0,0.0,0.0462531543273,222.10146934,,
2003-09-08,0.0,5.7,0.0,0.0676496025405,0.272778662459,0.0,0.0,0.0,0.0441787876792,222.093729958,,
2003-09-09,0.0,6.2,0.0,0.0717821135294,0.27270466028,0.0,0.0,0.0,0.0421878243051,222.085942292,,
2003-09-10,0.0,6.6,0.0,0.0743781577085,0.272627981767,0.0,0.0,0.0,0.0402775129787,222.078108697,,
2003-09-11,0.0,7.2,0.0,0.0788394530162,0.272546703981,0.0,0.0,0.0,0.0384451544176,222.070231454,,
2003-09-12,0.0,8.5,0.0,0.0901957659793,0.272453718655,0.0,0.0,0.0,0.036688103107,222.062312762,,
2003-09-13,0.0,6.7,0.0,0.0684996457809,0.272383100463,0.0,0.0,0.0,0.0350037688536,222.054354744,,
2003-09-14,0.0,6.2,0.0,0.0615634286356,0.272319633011,0.0,0.0,0.0,0.0333896180842,222.04635945,,
2003-09-15,0.0,6.3,0.0,0.0608903665417,0.272256859437,0.0,0.0,0.0,0.0318431749083,222.038328856,,
2003-09-16,0.0,5.6,0.0,0.0526600535383,0.272202570722,0.0,0.0,0.0,0.0303620219588,222.030264866,,
2003-09-17,0.0,6.0,0.0,0.0550642680592,0.272145803436,0.0,0.0,0.0,0.0289438010275,222.022169315,,
2003-09-18,0.0,5.7,0.0,0.0509628315981,0.272093264434,0.0,0.0,0.0,0.0275862135091,222.014043971,,
2003-09-19,0.0,5.8,0.0,0.0505872238232,0.272041112657,0.0,0.0,0.0,0.0262870206684,222.005890535,,
2003-09-20,0.0,5.3,0.0,0.0450745711738,0.271994644027,0.0,0.0,0.0,0.0250440437446,221.997710645,,
2003-09-21,0.0,4.9,0.0,0.0407239822148,0.27195266054,0.0,0.0,0.0,0.0238551639044,221.989505876,,
2003-09-22,0.4,4.2,0.0,0.0341715594505,0.271917432128,0.0,0.0,0.0,0.022718322058,221.981277743,,
2003-09-23,0.0,4.8,0.0,0.0383486425645,0.271877897445,0.0,0.0,0.0,0.0216315185474,221.9730277,,
2003-09-24,0.0,3.8,0.0,0.0297333762152,0.27184724448,0.0,0.0,0.0,0.0205928127204,221.964757146,,
2003-09-25,0.0,4.1,0.0,0.0315570932,0.271814711394,0.0,0.0,0.0,0.0196003223991,221.956467425,,
2003-09-26,0.0,4.3,0.0,0.0325135791465,0.27178119224,0.0,0.0,0.0,0.0186522232537,221.948159826,,
2003-09-27,0.0,5.1,0.0,0.0378503351099,0.271742171276,0.0,0.0,0.0,0.0177467480909,221.939835588,,
2003-09-28,0.0,4.2,0.0,0.0304879973376,0.271710740351,0.0,0.0,0.0,0.0168821860656,221.931495896,,
2003-09-29,7.5,2.9,4.5,0.076728146943,0.276270814427,0.0,0.0,0.0,0.0160568818241,221.923141891,,
2003-09-30,22.0,1.3,19.0,0.140066567835,0.295714044769,0.0,0.0,0.0,0.0152692345871,221.914774664,,
2003-10-01,8.3,2.3,5.3,0.298788805326,0.300869932599,0.0,0.0,0.0,0.0145176971797,221.906395261,,
2003-10-02,16.8,3.5,13.8,0.657660743868,0.314418735955,0.0,0.0,0.0,0.0138007750149,221.898004685,222.18,
2003-10-03,3.5,2.4,0.5,0.44934199873,0.314470960699,0.0,0.0,0.0,0.0131170250374,221.889603897,,
2003-10-04,0.0,3.7,0.0,0.685593977444,0.313764162784,0.0,0.0,0.0,0.0124650546342,221.881193815,,
2003-10-05,0.0,3.9,0.0,0.711167645243,0.313031000263,0.0,0.0,0.0,0.0118435205161,221.872775319,,
2003-10-06,0.0,4.4,0.0,0.788901671494,0.312217699571,0.0,0.0,0.0,0.011251127577,221.864349252,,
2003-10-07,0.0,4.1,0.0,0.721219034339,0.311474174793,0.0,0.0,0.0,0.0106866277353,221.855916418,,
2003-10-08,0.0,3.9,0.0,0.673955340392,0.310779375473,0.0,0.0,0.0,0.0101488187606,221.847477588,,
2003-10-09,0.0,4.1,0.0,0.696647664337,0.310061182005,0.0,0.0,0.0,0.00963654309198,221.839033498,,
2003-10-10,0.0,3.5,0.0,0.584225570906,0.309458887602,0.0,0.0,0.0,0.00914868665024,221.830584852,,
2003-10-11,0.4,2.5,0.0,0.411030079188,0.309035145252,0.0,0.0,0.0,0.00868417764753,221.822132322,,
2003-10-12,3.2,2.6,0.2,0.42511441721,0.308803068534,0.0,0.0,0.0,0.00824198539847,221.813676549,,
2003-10-13,0.0,2.2,0.0,0.355694794891,0.308436372869,0.0,0.0,0.0,0.00782111913496,221.805218147,,
2003-10-14,0.0,2.9,0.0,0.464439505497,0.307957569255,0.0,0.0,0.0,0.00742062682753,221.7967577,,
2003-10-15,4.0,2.4,1.0,0.389884970899,0.308586553821,0.0,0.0,0.0,0.00703959401575,221.788295767,,
2003-10-16,0.1,2.1,0.0,0.337632345933,0.308238479237,0.0,0.0,0.0,0.00667714264969,221.779832881,,
2003-10-17,0.1,2.5,0.0,0.398317492057,0.307827842648,0.0,0.0,0.0,0.00633242994465,221.771369549,,
2003-10-18,4.3,1.4,1.3,0.228480284861,0.308932502148,0.0,0.0,0.0,0.00600464725055,221.762906255,,
2003-10-19,12.1,2.0,9.1,0.402616212057,0.317898877187,0.0,0.0,0.0,0.00569301893797,221.754443461,,
2003-10-20,0.1,2.2,0.0,0.439073040881,0.317446224568,0.0,0.0,0.0,0.00539680130182,221.745981607,,
2003-10-21,0.0,1.9,0.0,0.375615944493,0.317058991635,0.0,0.0,0.0,0.00511528148415,221.737521112,,
2003-10-22,0.1,2.7,0.0,0.529413655894,0.316513204361,0.0,0.0,0.0,0.00484777641705,221.729062374,,
2003-10-23,0.0,2.7,0.0,0.52327354906,0.315973747094,0.0,0.0,0.0,0.00459363178644,221.720605774,,
2003-10-24,0.0,2.6,0.0,0.49804892685,0.315460294592,0.0,0.0,0.0,0.00435222101772,221.712151672,,
2003-10-25,65.7,1.3,62.7,0.596372128352,0.379385183373,0.0,0.0,0.0964857541784,0.00412294428382,221.703700413,,
2003-10-26,0.0,2.5,0.0,1.13942899347,0.378210514307,0.0,0.0,0.0,0.00390524752574,221.695252324,,
2003-10-27,7.8,2.5,4.8,1.17873924912,0.378784804898,0.0,0.0,3.06419887818,0.00369863227047,221.686807719,,
2003-10-28,2.4,2.4,0.0,1.08784804898,0.377663312064,0.0,0.0,0.0,0.00350329355975,221.678366916,,
2003-10-29,0.2,2.1,0.0,0.942053980558,0.376692122393,0.0,0.0,0.0,0.003320460137,221.669930267,,
2003-10-30,4.1,1.2,1.1,0.539130715058,0.377270338151,0.0,0.0,0.0,0.00315251732976,221.661498194,,
2003-10-31,32.2,1.7,29.2,0.973061802451,0.378996843503,0.0,0.0,26.5522280063,0.00300297653679,221.653071218,,
2003-11-01,0.0,2.0,0.0,0.908307029189,0.378060444503,0.0,0.0,0.0,0.00288184255448,221.644650144,,
2003-11-02,0.0,1.4,0.0,0.630352592937,0.37741059647,0.0,0.0,0.0,0.00280837783671,221.636236328,,
2003-11-03,0.0,1.2,0.0,0.537052982348,0.376856933601,0.0,0.0,0.0,0.00281197704842,221.627831963,,
2003-11-04,0.0,1.6,0.0,0.712379557341,0.376122521686,0.0,0.0,0.0,0.00293171757797,221.619440357,,
2003-11-05,0.0,2.1,0.0,0.928572064755,0.375165230898,0.0,0.0,0.0,0.00321502968868,221.61106617,,
2003-11-06,0.0,2.6,0.0,1.13929000139,0.373990705123,0.0,0.0,0.0,0.00371582974407,221.602715597,,
2003-11-07,0.0,1.9,0.0,0.823259748893,0.373141983733,0.0,0.0,0.0,0.00449237802465,221.594396489,,
2003-11-08,0.2,1.5,0.0,0.644637398329,0.372477409095,0.0,0.0,0.0,0.00560505614587,221.586118415,,
2003-11-09,9.1,1.1,6.1,0.498511149075,0.378252139869,0.0,0.0,0.0,0.00711420548642,221.577892657,,
2003-11-10,0.3,1.3,0.0,0.586365757626,0.377647639088,0.0,0.0,0.0,0.0090781252101,221.569732152,,
2003-11-11,0.2,1.5,0.0,0.672797744302,0.376954033166,0.0,0.0,0.0,0.0115512945961,221.561651375,,
2003-11-12,0.1,1.3,0.0,0.579334346318,0.376356781263,0.0,0.0,0.0,0.0145828579356,221.553666193,,
2003-11-13,0.0,0.9,0.0,0.398837929736,0.375945608139,0.0,0.0,0.0,0.0182153898991,221.545793671,,
2003-11-14,0.1,1.1,0.0,0.485584037306,0.375445006039,0.0,0.0,0.0,0.0224839439209,221.538051854,,
2003-11-15,16.4,1.0,13.4,0.496914329287,0.379487717186,0.0,0.0,8.981655858,0.0274153748531,221.530459537,,
2003-11-16,0.0,2.3,0.0,1.0492572897,0.37840600864,0.0,0.0,0.0,0.0330297799098,221.523036068,,
2003-11-17,0.0,2.2,0.0,0.993721745869,0.377381553232,0.0,0.0,0.0,0.0393413161366,221.515801176,,
2003-11-18,0.0,2.1,0.0,0.939588590781,0.3764129052,0.0,0.0,0.0,0.0463586001523,221.508774818,,
2003-11-19,0.0,1.6,0.0,0.709419368002,0.375681545027,0.0,0.0,0.0,0.0540848467876,221.501977016,,
2003-11-20,0.0,1.5,0.0,0.66050965642,0.375000607237,0.0,0.0,0.0,0.0625178635726,221.49542771,,
2003-11-21,0.7,1.2,0.0,0.525003036185,0.374459366994,0.0,0.0,0.0,0.0716499862431,221.4891466,,
2003-11-22,20.4,0.9,17.4,0.458990667463,0.379526813745,0.0,0.0,12.0255859838,0.0814680151966,221.483152984,,
2003-11-23,3.0,1.3,0.0,0.593270241118,0.37891519494,0.0,0.0,0.0,0.0919556844235,221.477465674,,
2003-11-24,30.2,0.5,27.2,0.28532590011,0.379705849588,0.0,0.0,26.1477390914,0.103095046355,221.472102952,,
2003-11-25,0.0,1.2,0.0,0.548529247938,0.379140355517,0.0,0.0,0.0,0.114872512424,221.467082687,,
2003-11-26,4.6,0.7,1.6,0.32313703349,0.379666869038,0.0,0.0,0.766144851952,0.127281882237,221.462422554,,
2003-11-27,0.0,1.0,0.0,0.456945287657,0.379195791421,0.0,0.0,0.0,0.140325384699,221.45814027,,
2003-11-28,0.0,0.8,0.0,0.363985971405,0.378820548152,0.0,0.0,0.0,0.154013177944,221.454253824,,
2003-11-29,0.0,0.8,0.0,0.362735160507,0.378446594378,0.0,0.0,0.0,0.168361854154,221.450781658,,
2003-11-30,5.8,0.9,2.8,0.417499471187,0.379569588174,0.0,0.0,1.29319654694,0.183392366854,221.447742794,,
2003-12-01,3.5,1.3,0.5,0.596294032163,0.379385263884,0.0,0.0,0.0825005288133,0.199127961838,221.445156894,,
2003-12-02,0.0,1.0,0.0,0.455771932852,0.378915395912,0.0,0.0,0.0,0.215591966473,221.443044268,,
2003-12-03,2.0,0.5,0.0,0.226907074817,0.378681471093,0.0,0.0,0.0,0.232805607776,221.441425808,,
2003-12-04,0.0,0.7,0.0,0.316987624021,0.378354679728,0.0,0.0,0.0,0.250785996791,221.440322871,,
2003-12-05,4.9,0.7,1.9,0.321747540959,0.379668301504,0.0,0.0,0.304039336147,0.26954436926,221.439757114,,
2003-12-06,14.2,1.1,11.2,0.555567344093,0.379427250161,0.0,0.0,10.878252459,0.289084698526,221.43975028,,
2003-12-07,1.6,1.2,0.0,0.547136250804,0.37886319217,0.0,0.0,0.0,0.309404867051,221.440324029,,
2003-12-08,4.2,0.7,1.2,0.321125891252,0.37966894238,0.0,0.0,0.097296405103,0.33049711402,221.441499777,,
2003-12-09,12.6,1.0,9.6,0.498191039986,0.37948640099,0.0,0.0,9.27887410875,0.352348053572,221.443298532,,
2003-12-10,0.0,1.4,0.0,0.63867067244,0.378827977616,0.0,0.0,0.0,0.374940361377,221.445740782,,
2003-12-11,0.0,1.0,0.0,0.453449906734,0.378360503485,0.0,0.0,0.0,0.39825347153,221.448846407,,
2003-12-12,0.0,1.0,0.0,0.451502097856,0.377895037405,0.0,0.0,0.0,0.422263629475,221.452634586,,
2003-12-13,0.0,1.2,0.0,0.539475187026,0.377338877419,0.0,0.0,0.0,0.446943562524,221.457123697,,
2003-12-14,0.0,1.1,0.0,0.491969854835,0.376831692001,0.0,0.0,0.0,0.472261961734,221.462331203,,
2003-12-15,0.0,1.0,0.0,0.445132050005,0.376372792981,0.0,0.0,0.0,0.498182914786,221.468273521,221.7,
2003-12-16,0.1,0.7,0.0,0.310253979527,0.376052943517,0.0,0.0,0.0,0.524665386635,221.474965879,,
2003-12-17,9.9,0.7,6.9,0.330068507939,0.379659723188,0.0,0.0,3.07135521159,0.551662811189,221.482422156,,
2003-12-18,1.0,1.1,0.0,0.50260706461,0.379141571575,0.0,0.0,0.0,0.579123467736,221.490654739,,
2003-12-19,0.1,1.0,0.0,0.454756548228,0.378672750391,0.0,0.0,0.0,0.606990729924,221.499674381,,
2003-12-20,0.1,0.8,0.0,0.362242501303,0.378299304513,0.0,0.0,0.0,0.635203269617,221.509490075,,
2003-12-21,0.0,0.9,0.0,0.406122391925,0.377880621635,0.0,0.0,0.0,0.663695271299,221.520108919,,
2003-12-22,0.0,1.5,0.0,0.674253885219,0.377185514537,0.0,0.0,0.0,0.692396692071,221.531536005,,
2003-12-23,0.0,1.7,0.0,0.75923072797,0.376402802446,0.0,0.0,0.0,0.721233586635,221.543774305,,
2003-12-24,0.0,1.8,0.0,0.798021018346,0.375580100365,0.0,0.0,0.0,0.750128504988,221.556824577,,
2003-12-25,0.0,1.3,0.0,0.571892210313,0.374990520767,0.0,0.0,0.0,0.779000962123,221.570685276,,
2003-12-26,0.0,0.8,0.0,0.349968402557,0.3746297286,0.0,0.0,0.0,0.80776797316,221.585352488,,
2003-12-27,0.0,0.8,0.0,0.348765761999,0.374270176268,0.0,0.0,0.0,0.836344643455,221.60081988,,
2003-12-28,1.8,1.3,0.0,0.564796788116,0.373687911538,0.0,0.0,0.0,0.864644801005,221.617078661,,
2003-12-29,0.0,0.9,0.0,0.388829668266,0.373287056209,0.0,0.0,0.0,0.89258165735,221.634117574,,
2003-12-30,0.0,1.0,0.0,0.430362734206,0.372843383288,0.0,0.0,0.0,0.920068483047,221.651922892,,
2003-12-31,0.0,0.7,0.0,0.299959867922,0.37253414631,0.0,0.0,0.0,0.947019284256,221.670478449,,
2004-01-01,0.0,0.6,0.0,0.256335365776,0.372269883047,0.0,0.0,0.0,0.973349467965,221.68976568,,
2004-01-02,0.0,1.3,0.0,0.553961866503,0.371698788339,0.0,0.0,0.0,0.998976484627,221.709763681,,
2004-01-03,0.0,1.2,0.0,0.508493941695,0.371174567781,0.0,0.0,0.0,1.02382043846,221.73044929,,
2004-01-04,0.0,1.1,0.0,0.463716768994,0.370696509256,0.0,0.0,0.0,1.04780465721,221.751797178,,
2004-01-05,0.0,1.5,0.0,0.629353182849,0.370047691542,0.0,0.0,0.0,1.07085621462,221.773779961,,
2004-01-06,0.0,1.1,0.0,0.458551919565,0.369574957604,0.0,0.0,0.0,1.09290640068,221.796368325,,
2004-01-07,3.0,0.4,0.0,0.165958262673,0.369403866611,0.0,0.0,0.0,1.1138911357,221.819531155,,
2004-01-08,0.7,0.6,0.0,0.248509666528,0.369147671079,0.0,0.0,0.0,1.13375132608,221.843235682,,
2004-01-09,0.5,0.6,0.0,0.247869177697,0.368892135844,0.0,0.0,0.0,1.1524331605,221.867447637,,
2004-01-10,0.1,1.2,0.0,0.494460679221,0.368382382567,0.0,0.0,0.0,1.16988834651,221.89213141,,
2004-01-11,0.0,1.2,0.0,0.491911912833,0.367875256883,0.0,0.0,0.0,1.18607428844,221.917250212,,
2004-01-12,0.0,1.3,0.0,0.530157641451,0.367328702614,0.0,0.0,0.0,1.20095420826,221.942766245,,
2004-01-13,0.3,0.9,0.0,0.364982634801,0.366952431856,0.0,0.0,0.0,1.21449721184,221.968640869,,
2004-01-14,0.0,0.9,0.0,0.363571619461,0.366577615754,0.0,0.0,0.0,1.22667830344,221.994834775,,
2004-01-15,6.2,0.6,3.2,0.249691462065,0.369619170947,0.0,0.0,0.0,1.23747835186,222.02130815,,
2004-01-16,0.3,0.8,0.0,0.332063903158,0.369276837027,0.0,0.0,0.0,1.24688401191,222.048020843,,
2004-01-17,0.0,0.7,0.0,0.289557441328,0.3689783242,0.0,0.0,0.0,1.25488760511,222.074932529,,
2004-01-18,0.0,1.6,0.0,0.65985549467,0.368298060804,0.0,0.0,0.0,1.26148696363,222.102002867,,
2004-01-19,0.0,2.1,0.0,0.860108032034,0.367411351493,0.0,0.0,0.0,1.26668524167,222.129191648,,
2004-01-20,0.0,1.5,0.0,0.608820946828,0.366783701032,0.0,0.0,0.0,1.27049069831,222.156458947,,
2004-01-21,0.0,1.3,0.0,0.524245047256,0.36624324222,0.0,0.0,0.0,1.27291645597,222.183765257,,
2004-01-22,0.0,0.8,0.0,0.320810807401,0.365912509429,0.0,0.0,0.0,1.27398023832,222.211071619,,
2004-01-23,0.1,0.7,0.0,0.279744819168,0.365624112708,0.0,0.0,0.0,1.27370409159,222.238339752,,
2004-01-24,0.0,0.9,0.0,0.358590422656,0.36525443186,0.0,0.0,0.0,1.27211409272,222.265532158,,
2004-01-25,0.2,0.7,0.0,0.277825426259,0.364968013895,0.0,0.0,0.0,1.26924004798,222.292612235,,
2004-01-26,0.2,0.9,0.0,0.356130052106,0.364600869511,0.0,0.0,0.0,1.26511518501,222.319544369,,
2004-01-27,9.4,0.7,6.4,0.295163188996,0.370894515708,0.0,0.0,0.0,1.25977584155,222.346294027,,
2004-01-28,6.9,1.6,3.9,0.699434228434,0.37419406805,0.0,0.0,0.0,1.25326115323,222.372827828,,
2004-01-29,6.1,0.9,3.1,0.402712291271,0.376974777028,0.0,0.0,0.0,1.24561274325,222.399113622,,
2004-01-30,0.7,0.6,0.0,0.267436942571,0.37669906884,0.0,0.0,0.0,1.23687441584,222.425120542,,
2004-01-31,1.9,0.6,0.0,0.2667476721,0.37642407124,0.0,0.0,0.0,1.22709185581,222.450819064,,
2004-02-01,3.6,0.8,0.6,0.356808759803,0.376674783859,0.0,0.0,0.0,1.21631233561,222.476181047,,
2004-02-02,0.3,1.4,0.0,0.622269572509,0.376033268835,0.0,0.0,0.0,1.20458443172,222.501179766,,
2004-02-03,0.1,2.0,0.0,0.883610573629,0.3751223301,0.0,0.0,0.0,1.19195775146,222.525789946,,
2004-02-04,0.0,1.6,0.0,0.700815533999,0.374399839859,0.0,0.0,0.0,1.17848267136,222.54998778,,
2004-02-05,0.3,2.1,0.0,0.913498598762,0.373458088726,0.0,0.0,0.0,1.16421008804,222.573750939,,
2004-02-06,0.0,2.0,0.0,0.862150739382,0.372569273531,0.0,0.0,0.0,1.14919118226,222.597058582,,
2004-02-07,0.0,1.6,0.0,0.68379515687,0.37186433007,0.0,0.0,0.0,1.13347719665,222.619891358,,
2004-02-08,0.1,1.5,0.0,0.636652062937,0.371207987737,0.0,0.0,0.0,1.11711922754,222.642231393,,
2004-02-09,0.1,1.5,0.0,0.632549923356,0.370555874414,0.0,0.0,0.0,1.10016803113,222.664062286,,
2004-02-10,0.0,1.4,0.0,0.586575934081,0.369951156956,0.0,0.0,0.0,1.08267384404,222.685369089,,
2004-02-11,0.0,1.9,0.0,0.791279992569,0.369135404386,0.0,0.0,0.0,1.06468621833,222.706138285,,
2004-02-12,0.0,2.1,0.0,0.867434788381,0.368241141718,0.0,0.0,0.0,1.04625387077,222.726357765,,
2004-02-13,0.0,2.0,0.0,0.818676180983,0.367397145655,0.0,0.0,0.0,1.02742454616,222.746016799,,
2004-02-14,0.0,1.0,0.0,0.40582144023,0.366978773036,0.0,0.0,0.0,1.00824489449,222.765106,,
2004-02-15,0.0,1.7,0.0,0.686932975674,0.366270594711,0.0,0.0,0.0,0.988760361487,222.783617289,,
2004-02-16,0.0,1.8,0.0,0.722029460332,0.365526234443,0.0,0.0,0.0,0.969015092132,222.80154386,,
2004-02-17,0.4,1.4,0.0,0.557236367581,0.36495176396,0.0,0.0,0.0,0.949051846719,222.818880134,,
2004-02-18,0.0,1.4,0.0,0.553885289769,0.364380748198,0.0,0.0,0.0,0.928911928899,222.835621719,,
2004-02-19,0.0,2.6,0.0,1.02245810548,0.363326667677,0.0,0.0,0.0,0.908635125176,222.851765365,,
2004-02-20,3.0,1.3,0.0,0.505519449916,0.362805513605,0.0,0.0,0.0,0.888259655264,222.867308918,,
2004-02-21,5.8,2.1,2.8,0.837305975999,0.364828909506,0.0,0.0,0.0,0.867822132732,222.88225127,,
2004-02-22,20.8,1.4,17.8,0.660213312323,0.379319367719,0.0,0.0,3.08404222049,0.847357535313,222.896592317,,
2004-02-23,15.5,0.7,12.5,0.356434066501,0.379632542199,0.0,0.0,11.8397866877,0.826899823217,222.910332924,,
2004-02-24,0.4,1.4,0.0,0.63952316283,0.37897323997,0.0,0.0,0.0,0.806484723916,222.923474975,,
2004-02-25,9.1,1.4,6.1,0.672361081954,0.379306844245,0.0,0.0,5.10404277067,0.786151177146,222.936021465,,
2004-02-26,0.0,2.0,0.0,0.910890368712,0.37836778201,0.0,0.0,0.0,0.765942864871,222.947976634,,
2004-02-27,0.9,1.9,0.0,0.857911607576,0.377483337053,0.0,0.0,0.0,0.745908572055,222.959346111,,
2004-02-28,0.0,1.9,0.0,0.850909751672,0.376606110505,0.0,0.0,0.0,0.726101738196,222.970137046,,
2004-02-29,0.0,1.9,0.0,0.8439650415,0.375736043452,0.0,0.0,0.0,0.706579481014,222.980358212,,
2004-03-01,0.0,1.4,0.0,0.616793586804,0.375100173775,0.0,0.0,0.0,0.687401309256,222.990020074,,
2004-03-02,0.0,2.7,0.0,1.18237695497,0.373881228461,0.0,0.0,0.0,0.668627688926,222.999134811,,
2004-03-03,0.0,2.4,0.0,1.03881228461,0.372810287961,0.0,0.0,0.0,0.650318584693,223.007716303,,
2004-03-04,0.0,2.9,0.0,1.24229097953,0.371529575611,0.0,0.0,0.0,0.632532063869,223.015780074,,
2004-03-05,0.0,2.7,0.0,1.14220772562,0.370352041873,0.0,0.0,0.0,0.615323023109,223.023343199,,
2004-03-06,0.1,1.3,0.0,0.543573560147,0.36979165676,0.0,0.0,0.0,0.598742076362,223.030424178,,
2004-03-07,0.2,2.1,0.0,0.873176996647,0.368891474289,0.0,0.0,0.0,0.582834625905,223.037042792,,
2004-03-08,0.0,2.8,0.0,1.1537338667,0.367702057931,0.0,0.0,0.0,0.567640125389,223.043219922,,
2004-03-09,0.1,2.7,0.0,1.09914815173,0.366568915507,0.0,0.0,0.0,0.553191534255,223.048977372,,
2004-03-10,0.3,2.6,0.0,1.04616325133,0.365490396691,0.0,0.0,0.0,0.539514955802,223.054337666,,
2004-03-11,0.5,2.2,0.0,0.875328636336,0.364587996035,0.0,0.0,0.0,0.526629446301,223.059323847,,
2004-03-12,10.8,1.2,7.8,0.513146165743,0.372100216483,0.0,0.0,0.0,0.514546979286,223.063959274,,
2004-03-13,6.6,2.7,3.6,1.19038001275,0.3745843608,0.0,0.0,0.0,0.503272547214,223.068267423,,
2004-03-14,0.0,2.9,0.0,1.263727693,0.373281548745,0.0,0.0,0.0,0.492804381811,223.072271696,,
2004-03-15,0.0,3.0,0.0,1.29101935931,0.371950600952,0.0,0.0,0.0,0.483134274277,223.07599523,,
2004-03-16,0.0,3.2,0.0,1.35934134603,0.370549218121,0.0,0.0,0.0,0.474247977022,223.079460733,222.68,
2004-03-17,0.1,2.9,0.0,1.21496971896,0.369296672019,0.0,0.0,0.0,0.466125669501,223.08269032,,
2004-03-18,0.1,3.0,0.0,1.24120840024,0.36801707573,0.0,0.0,0.0,0.458742471906,223.08570537,,
2004-03-19,0.0,3.5,0.0,1.42941568773,0.36654345131,0.0,0.0,0.0,0.452068991877,223.088526398,,
2004-03-20,0.0,3.4,0.0,1.36769889355,0.36513345245,0.0,0.0,0.0,0.446071890876,223.091172947,,
2004-03-21,0.0,4.0,0.0,1.58555754084,0.363498857047,0.0,0.0,0.0,0.440714458446,223.093663485,,
2004-03-22,0.0,4.4,0.0,1.71414571254,0.361731696519,0.0,0.0,0.0,0.435957184063,223.096015334,,
2004-03-23,0.0,3.6,0.0,1.37597544779,0.36031316513,0.0,0.0,0.0,0.431758317841,223.098244602,,
2004-03-24,0.0,3.1,0.0,1.16654504959,0.359110541367,0.0,0.0,0.0,0.428074412734,223.100366139,,
2004-03-25,0.0,3.8,0.0,1.41091690498,0.357655987857,0.0,0.0,0.0,0.424860842232,223.102393503,,
2004-03-26,0.5,3.2,0.0,1.16874650476,0.356451094553,0.0,0.0,0.0,0.422072288781,223.10433894,,
2004-03-27,8.2,1.1,5.2,0.420804630103,0.361378100089,0.0,0.0,0.0,0.419663199279,223.106213385,,
2004-03-28,0.5,1.8,0.0,0.685335750667,0.360671568387,0.0,0.0,0.0,0.417588204998,223.108026462,,
2004-03-29,2.2,1.8,0.0,0.680036762904,0.359970499559,0.0,0.0,0.0,0.415802504223,223.109786504,,
2004-03-30,1.5,2.2,0.0,0.824729579295,0.35912026288,0.0,0.0,0.0,0.414262206621,223.111500582,,
2004-03-31,0.9,2.3,0.0,0.854069185931,0.358239779183,0.0,0.0,0.0,0.41292463911,223.113174539,,
2004-04-01,12.5,3.0,9.5,1.2254199202,0.366770274111,0.0,0.0,0.0,0.41174861353,223.114813036,,
2004-04-02,1.0,2.9,0.0,1.16930747884,0.365564802483,0.0,0.0,0.0,0.410694656933,223.116419599,,
2004-04-03,0.0,3.5,0.0,1.39365336954,0.364128046432,0.0,0.0,0.0,0.409725205716,223.117996678,,
2004-04-04,0.0,4.0,0.0,1.56880077386,0.362510726046,0.0,0.0,0.0,0.408804765134,223.119545707,,
2004-04-05,0.0,4.9,0.0,1.88876065678,0.360563550112,0.0,0.0,0.0,0.407900036016,223.121067165,222.89,
2004-04-06,0.0,4.9,0.0,1.84900581478,0.35865735855,0.0,0.0,0.0,0.40698001066,223.122560646,,
2004-04-07,0.0,4.6,0.0,1.69926603887,0.356905537891,0.0,0.0,0.0,0.406016040069,223.124024926,,
2004-04-08,0.0,3.7,0.0,1.33979370916,0.355524307263,0.0,0.0,0.0,0.404981874739,223.125458032,,
2004-04-09,0.0,4.4,0.0,1.56794563316,0.353907868466,0.0,0.0,0.0,0.403853681283,223.12685731,,
2004-04-10,0.0,4.7,0.0,1.64319575746,0.352213852221,0.0,0.0,0.0,0.402610037166,223.128219502,,
2004-04-11,0.0,4.0,0.0,1.37023087036,0.350801243077,0.0,0.0,0.0,0.401231905821,223.129540804,,
2004-04-12,0.0,4.3,0.0,1.44768893846,0.349308780254,0.0,0.0,0.0,0.399702594359,223.130816944,,
2004-04-13,0.0,4.7,0.0,1.55313027997,0.347707615017,0.0,0.0,0.0,0.398007696019,223.13204324,,
2004-04-14,0.0,4.6,0.0,1.48939595448,0.34617215527,0.0,0.0,0.0,0.396135019421,223.133214669,,
2004-04-15,0.0,4.3,0.0,1.36475111525,0.344765195357,0.0,0.0,0.0,0.394074506574,223.134325925,,
2004-04-16,0.0,3.3,0.0,1.02802143616,0.343705379443,0.0,0.0,0.0,0.391818141513,223.135371478,223.0,
2004-04-17,0.0,3.6,0.0,1.10558069165,0.342565605535,0.0,0.0,0.0,0.389359851275,223.136345632,,
2004-04-18,0.1,2.0,0.0,0.604713379454,0.341942189679,0.0,0.0,0.0,0.386695400845,223.137242577,,
2004-04-19,0.0,3.0,0.0,0.899277370993,0.341015099606,0.0,0.0,0.0,0.383822283563,223.138056436,,
2004-04-20,0.0,3.1,0.0,0.917278369914,0.340069451802,0.0,0.0,0.0,0.380739608345,223.138781315,,
2004-04-21,0.7,3.4,0.0,0.992650567198,0.339046100702,0.0,0.0,0.0,0.377447984979,223.139411341,,
2004-04-22,0.2,4.2,0.0,1.20830676228,0.337800423627,0.0,0.0,0.0,0.373949408611,223.139940709,,
2004-04-23,0.0,5.2,0.0,1.46900917859,0.336285981175,0.0,0.0,0.0,0.370247144415,223.140363709,,
2004-04-24,0.0,5.4,0.0,1.49143457644,0.334748419756,0.0,0.0,0.0,0.366345613363,223.140674767,,
2004-04-25,0.0,6.2,0.0,1.67266751037,0.333024020261,0.0,0.0,0.0,0.362250279861,223.140868469,,
2004-04-26,0.0,6.1,0.0,1.60186051497,0.331372617668,0.0,0.0,0.0,0.357967541934,223.140939593,,
2004-04-27,0.0,6.1,0.0,1.55988736574,0.329764486363,0.0,0.0,0.0,0.353504624554,223.140883125,,
2004-04-28,0.0,3.3,0.0,0.821761687497,0.328917309366,0.0,0.0,0.0,0.348869476596,223.140694288,,
2004-04-29,0.0,4.6,0.0,1.12924842952,0.327753135727,0.0,0.0,0.0,0.34407067184,223.140368552,223.06,
2004-04-30,0.5,4.0,0.0,0.962552262122,0.326760813808,0.0,0.0,0.0,0.339117314342,223.139901653,,
2004-05-01,7.1,2.5,4.1,0.635287686785,0.330332682172,0.0,0.0,0.0,0.334018948444,223.139289605,,
2004-05-02,2.7,1.5,0.0,0.377079263573,0.329943940663,0.0,0.0,0.0,0.328785473613,223.138528709,,
2004-05-03,0.7,2.7,0.0,0.674369332458,0.329248714547,0.0,0.0,0.0,0.323427064242,223.137615562,,
2004-05-04,0.0,4.9,0.0,1.20966125533,0.328001641088,0.0,0.0,0.0,0.317954094505,223.136547058,,
2004-05-05,0.6,3.0,0.0,0.725020513598,0.327254197259,0.0,0.0,0.0,0.312377068294,223.135320398,,
2004-05-06,0.3,3.0,0.0,0.715677465743,0.326516385439,0.0,0.0,0.0,0.306706554222,223.133933087,,
2004-05-07,0.0,3.4,0.0,0.80064879372,0.325690974312,0.0,0.0,0.0,0.300953125667,223.132382933,,
2004-05-08,0.0,5.1,0.0,1.18343320412,0.32447094008,0.0,0.0,0.0,0.295127305756,223.13066805,,
2004-05-09,6.2,2.6,3.2,0.625840682487,0.327124712573,0.0,0.0,0.0,0.289239517198,223.128786849,,
2004-05-10,0.1,3.5,0.0,0.833068725019,0.326265878836,0.0,0.0,0.0,0.283300036823,223.126738039,,
2004-05-11,0.4,1.8,0.0,0.421994091267,0.325830833381,0.0,0.0,0.0,0.27731895469,223.124520618,,
2004-05-12,0.0,4.4,0.0,1.02356527865,0.324775611444,0.0,0.0,0.0,0.271306137581,223.122133866,,
2004-05-13,1.8,4.4,0.0,1.00421954314,0.323740333564,0.0,0.0,0.0,0.26527119671,223.119577338,,
2004-05-14,0.0,5.8,0.0,1.29872472781,0.322401442092,0.0,0.0,0.0,0.259223459443,223.116850859,,
2004-05-15,0.0,5.5,0.0,1.20086638129,0.321163435514,0.0,0.0,0.0,0.253171944851,223.113954509,,
2004-05-16,0.0,6.0,0.0,1.27908588785,0.319844790269,0.0,0.0,0.0,0.247125342861,223.110888617,,
2004-05-17,0.0,6.8,0.0,1.41226905761,0.318388842787,0.0,0.0,0.0,0.241091996821,223.10765375,223.04,
2004-05-18,0.0,6.1,0.0,1.22988308749,0.317120922078,0.0,0.0,0.0,0.235079889254,223.104250703,,
2004-05-19,0.0,6.4,0.0,1.25655792207,0.31582550154,0.0,0.0,0.0,0.229096630601,223.100680487,,
2004-05-20,0.3,4.4,0.0,0.840134194892,0.314959383813,0.0,0.0,0.0,0.223149450735,223.096944319,,
2004-05-21,0.8,3.2,0.0,0.599458450838,0.31434138541,0.0,0.0,0.0,0.21724519305,223.093043608,,
2004-05-22,0.3,4.0,0.0,0.739023090166,0.313579505936,0.0,0.0,0.0,0.21139031092,223.08897995,,
2004-05-23,7.2,4.0,4.2,0.798490047379,0.317086217227,0.0,0.0,0.0,0.205590866336,223.084755108,,
2004-05-24,0.0,4.9,0.0,0.961343601716,0.316095141349,0.0,0.0,0.0,0.199852530523,223.080371008,,
2004-05-25,0.0,4.5,0.0,0.864283900291,0.315204127019,0.0,0.0,0.0,0.194180586367,223.075829723,,
2004-05-26,0.0,5.5,0.0,1.03592791084,0.3141361601,0.0,0.0,0.0,0.188579932468,223.071133466,,
2004-05-27,0.0,6.0,0.0,1.10340400251,0.312998630201,0.0,0.0,0.0,0.183055088654,223.066284574,,
2004-05-28,0.0,5.8,0.0,1.03913356319,0.311927358486,0.0,0.0,0.0,0.177610202793,223.061285502,,
2004-05-29,0.0,5.7,0.0,0.995774764046,0.310900786564,0.0,0.0,0.0,0.172249058757,223.056138809,,
2004-05-30,0.0,6.4,0.0,1.09068764172,0.309776366315,0.0,0.0,0.0,0.166975085389,223.050847149,,
2004-05-31,0.0,7.3,0.0,1.20986447542,0.308529083351,0.0,0.0,0.0,0.16179136634,223.045413263,,
2004-06-01,0.0,7.3,0.0,1.17192628526,0.307320911923,0.0,0.0,0.0,0.15670065065,223.039839965,,
2004-06-02,0.0,7.5,0.0,1.16627849759,0.306118562956,0.0,0.0,0.0,0.151705363952,223.034130137,,
2004-06-03,0.0,8.0,0.0,1.20395209854,0.304877375226,0.0,0.0,0.0,0.146807620191,223.028286718,,
2004-06-04,0.0,7.6,0.0,1.10445021548,0.303738766756,0.0,0.0,0.0,0.142009233748,223.022312695,,
2004-06-05,0.0,7.1,0.0,0.998105183204,0.302709792341,0.0,0.0,0.0,0.13731173189,223.016211096,,
2004-06-06,0.0,6.3,0.0,0.858632048939,0.301824604661,0.0,0.0,0.0,0.132716367434,223.00998498,,
2004-06-07,0.0,6.3,0.0,0.835395872357,0.300963371803,0.0,0.0,0.0,0.128224131576,223.003637432,,
2004-06-08,0.0,6.9,0.0,0.890196939339,0.300045643,0.0,0.0,0.0,0.123835766772,222.997171555,,
2004-06-09,0.0,7.5,0.0,0.938926343739,0.299077677697,0.0,0.0,0.0,0.119551779653,222.990590463,,
2004-06-10,0.0,7.5,0.0,0.908677428026,0.298140896843,0.0,0.0,0.0,0.11537245386,222.983897274,,
2004-06-11,0.0,7.7,0.0,0.902853773719,0.297210119757,0.0,0.0,0.0,0.111297862796,222.977095105,,
2004-06-12,0.0,8.0,0.0,0.907003991896,0.296275064095,0.0,0.0,0.0,0.107327882205,222.970187065,,
2004-06-13,0.0,7.8,0.0,0.853939583092,0.295394714009,0.0,0.0,0.0,0.103462202559,222.963176254,,
2004-06-14,0.0,7.6,0.0,0.804165943634,0.294565676954,0.0,0.0,0.0,0.0997003412144,222.95606575,,
2004-06-15,0.0,7.9,0.0,0.808620199742,0.293732047882,0.0,0.0,0.0,0.0960416542845,222.948858613,,
2004-06-16,0.0,7.8,0.0,0.771291556174,0.292936901948,0.0,0.0,0.0,0.0924853482269,222.941557876,,
2004-06-17,0.0,7.8,0.0,0.745449313313,0.292168397501,0.0,0.0,0.0,0.0890304910999,222.93416654,,
2004-06-18,0.0,9.1,0.0,0.840551738594,0.291301849317,0.0,0.0,0.0,0.0856760234788,222.926687574,,
2004-06-19,0.0,6.9,0.0,0.612428167871,0.290670480072,0.0,0.0,0.0,0.0824207690101,222.919123912,,
2004-06-20,0.0,6.9,0.0,0.594276302071,0.290057824091,0.0,0.0,0.0,0.0792634445922,222.911478444,,
2004-06-21,0.0,6.3,0.0,0.526517882376,0.28951502215,0.0,0.0,0.0,0.0762026701711,222.90375402,,
2004-06-22,0.0,6.8,0.0,0.552925627581,0.28894499573,0.0,0.0,0.0,0.0732369781434,222.895953445,,
2004-06-23,0.0,6.9,0.0,0.54466862723,0.288383481681,0.0,0.0,0.0,0.0703648223617,222.888079476,,
2004-06-24,0.0,7.1,0.0,0.543844666398,0.287822817077,0.0,0.0,0.0,0.0675845867394,222.88013482,,
2004-06-25,0.0,8.0,0.0,0.59409390255,0.287210349136,0.0,0.0,0.0,0.0648945934541,222.872122135,,
2004-06-26,0.0,8.5,0.0,0.609533198557,0.286581964395,0.0,0.0,0.0,0.0622931107512,222.864044025,,
2004-06-27,0.0,8.8,0.0,0.608005361148,0.285955154744,0.0,0.0,0.0,0.0597783603492,222.85590304,,
2004-06-28,0.0,8.1,0.0,0.53848647262,0.285400014051,0.0,0.0,0.0,0.0573485244537,222.847701677,,
2004-06-29,0.0,8.3,0.0,0.532583819259,0.284850958567,0.0,0.0,0.0,0.0550017523828,222.839442376,,
2004-06-30,0.0,9.8,0.0,0.60641414149,0.284225789349,0.0,0.0,0.0,0.0527361668134,222.831127521,,
2004-07-01,0.0,9.8,0.0,0.58088639842,0.283626937392,0.0,0.0,0.0,0.0505498696547,222.822759439,,
2004-07-02,0.0,8.8,0.0,0.499654371037,0.283111829793,0.0,0.0,0.0,0.0484409475589,222.8143404,,
2004-07-03,0.0,8.4,0.0,0.458914042752,0.282638722532,0.0,0.0,0.0,0.0464074770776,222.805872617,,
2004-07-04,0.0,8.4,0.0,0.442355288632,0.282182686152,0.0,0.0,0.0,0.0444475294755,222.797358243,,
2004-07-05,0.0,8.6,0.0,0.436546253791,0.281732638468,0.0,0.0,0.0,0.0425591752108,222.788799377,,
2004-07-06,0.0,8.0,0.0,0.391087948933,0.281329455015,0.0,0.0,0.0,0.0407404880946,222.780198058,,
2004-07-07,0.0,6.1,0.0,0.287956981644,0.281032592148,0.0,0.0,0.0,0.0389895491408,222.77155627,,
2004-07-08,0.0,6.9,0.0,0.31718702425,0.280705595216,0.0,0.0,0.0,0.0373044501166,222.762875938,,
2004-07-09,0.0,7.4,0.0,0.330089185814,0.280365297086,0.0,0.0,0.0,0.0356832968085,222.754158932,,
2004-07-10,0.0,6.6,0.0,0.285045669862,0.280071435571,0.0,0.0,0.0,0.0341242120133,222.745407066,,
2004-07-11,0.0,7.8,0.0,0.327321656044,0.279733990564,0.0,0.0,0.0,0.0326253382665,222.736622099,,
2004-07-12,0.0,7.6,0.0,0.308243034537,0.27941621424,0.0,0.0,0.0,0.0311848403222,222.727805737,,
2004-07-13,0.0,7.6,0.0,0.298180117602,0.279108812057,0.0,0.0,0.0,0.0298009073938,222.71895963,,
2004-07-14,0.0,8.4,0.0,0.318808421994,0.278780143581,0.0,0.0,0.0,0.0284717551682,222.710085375,222.77,
2004-07-15,0.0,8.5,0.0,0.310963418483,0.278459562737,0.0,0.0,0.0,0.0271956276066,222.701184521,,
2004-07-16,0.0,8.0,0.0,0.281985424563,0.278168856114,0.0,0.0,0.0,0.0259707985409,222.692258561,,
2004-07-17,0.0,7.5,0.0,0.255276753551,0.277905684203,0.0,0.0,0.0,0.0247955730789,222.683308941,,
2004-07-18,0.0,7.6,0.0,0.250346666421,0.277647594856,0.0,0.0,0.0,0.023668288828,222.674337056,,
2004-07-19,0.0,7.3,0.0,0.232614343535,0.277407786254,0.0,0.0,0.0,0.022587316949,222.665344256,,
2004-07-20,0.0,7.5,0.0,0.231493320449,0.277169133347,0.0,0.0,0.0,0.0215510630493,222.65633184,,
2004-07-21,0.0,7.3,0.0,0.218061139295,0.276944328048,0.0,0.0,0.0,0.0205579679267,222.647301064,,
2004-07-22,0.0,7.1,0.0,0.205436371433,0.276732537975,0.0,0.0,0.0,0.0196065081728,222.638253138,,
2004-07-23,0.0,6.2,0.0,0.173923897682,0.276553234987,0.0,0.0,0.0,0.018695196645,222.629189227,,
2004-07-24,0.0,7.9,0.0,0.215710651672,0.276330852872,0.0,0.0,0.0,0.0178225828176,222.620110456,,
2004-07-25,0.0,10.4,0.0,0.274336957802,0.276048031266,0.0,0.0,0.0,0.0169872530187,222.611017906,,
2004-07-26,0.0,9.5,0.0,0.239401237628,0.275801225867,0.0,0.0,0.0,0.0161878305632,222.601912617,,
2004-07-27,0.0,9.3,0.0,0.224797502337,0.275569475864,0.0,0.0,0.0,0.0154229757879,222.592795593,,
2004-07-28,0.0,8.3,0.0,0.192611040309,0.275370907782,0.0,0.0,0.0,0.014691385998,222.583667796,,
2004-07-29,0.0,8.2,0.0,0.18350601587,0.275181726322,0.0,0.0,0.0,0.0139917953316,222.574530153,,
2004-07-30,0.0,7.1,0.0,0.153292737023,0.275023692572,0.0,0.0,0.0,0.0133229745483,222.565383554,,
2004-07-31,0.0,7.5,0.0,0.156990392887,0.274861846807,0.0,0.0,0.0,0.0126837307503,222.556228853,222.62,
2004-08-01,0.0,7.7,0.0,0.15598425171,0.2747010383,0.0,0.0,0.0,0.0120729070404,222.547066873,,
2004-08-02,0.0,7.2,0.0,0.141031148988,0.274555645363,0.0,0.0,0.0,0.0114893821241,222.5378984,,
2004-08-03,0.0,5.7,0.0,0.10819657736,0.274444102499,0.0,0.0,0.0,0.0109320698602,222.528724191,,
2004-08-04,0.0,7.4,0.0,0.137026493727,0.274302838073,0.0,0.0,0.0,0.0103999187668,222.519544971,,
2004-08-05,0.0,7.4,0.0,0.132670840576,0.27416606401,0.0,0.0,0.0,0.00989191148578,222.510361436,,
2004-08-06,0.0,7.7,0.0,0.13366122033,0.274028268938,0.0,0.0,0.0,0.00940706421214,222.501174252,,
2004-08-07,0.0,7.2,0.0,0.120848068133,0.273903683301,0.0,0.0,0.0,0.00894442609132,222.491984058,,
2004-08-08,3.0,5.7,0.0,0.0927124783875,0.273808103426,0.0,0.0,0.0,0.00850307858934,222.482791465,,
2004-08-09,3.2,2.9,0.2,0.0485059919977,0.273964282816,0.0,0.0,0.0,0.00808213483932,222.47359706,,
2004-08-10,0.0,4.6,0.0,0.0759820872989,0.273885950767,0.0,0.0,0.0,0.00768073896813,222.464401402,,
2004-08-11,0.0,5.1,0.0,0.0825764537952,0.273800820402,0.0,0.0,0.0,0.00729806540634,222.455205027,,
2004-08-12,0.0,6.5,0.0,0.10293888589,0.273694697839,0.0,0.0,0.0,0.00693331818474,222.44600845,,
2004-08-13,0.0,7.2,0.0,0.11084093518,0.273580428834,0.0,0.0,0.0,0.00658573022027,222.43681216,,
2004-08-14,0.0,7.1,0.0,0.105921019672,0.273471231906,0.0,0.0,0.0,0.006254562594,222.427616626,,
2004-08-15,0.0,7.2,0.0,0.104136957195,0.273363874219,0.0,0.0,0.0,0.00593910382373,222.418422296,,
2004-08-16,0.0,5.7,0.0,0.0798920126931,0.273281511319,0.0,0.0,0.0,0.00563866913337,222.409229598,,
2004-08-17,0.7,6.1,0.0,0.0834050793572,0.273195526701,0.0,0.0,0.0,0.0053525997213,222.400038941,,
2004-08-18,2.0,4.9,0.0,0.0652420034804,0.273128266904,0.0,0.0,0.0,0.00508026202958,222.390850715,,
2004-08-19,0.6,5.2,0.0,0.0677791162463,0.273058391526,0.0,0.0,0.0,0.00482104701576,222.381665292,,
2004-08-20,0.0,6.2,0.0,0.0790084477577,0.272976939518,0.0,0.0,0.0,0.00457436942896,222.372483027,,
2004-08-21,0.0,6.1,0.0,0.0756638794185,0.272898935519,0.0,0.0,0.0,0.00433966709153,222.363304258,,
2004-08-22,0.0,6.3,0.0,0.076097057366,0.272820484944,0.0,0.0,0.0,0.00411640018776,222.354129309,,
2004-08-23,0.4,5.6,0.0,0.0658113153623,0.272752638227,0.0,0.0,0.0,0.00390405056075,222.344958488,,
2004-08-24,0.0,6.9,0.0,0.0791383490329,0.2726710523,0.0,0.0,0.0,0.00370212101842,222.335792086,,
2004-08-25,0.0,7.4,0.0,0.0823574459288,0.272586147717,0.0,0.0,0.0,0.00351013464977,222.326630385,,
2004-08-26,0.0,7.4,0.0,0.0797395546063,0.272503941991,0.0,0.0,0.0,0.00332763415206,222.317473649,,
2004-08-27,0.0,7.1,0.0,0.0740749505542,0.272427576062,0.0,0.0,0.0,0.00315418116978,222.308322131,,
2004-08-28,0.0,7.7,0.0,0.0778847319942,0.272347282524,0.0,0.0,0.0,0.0029893556459,222.299176072,,
2004-08-29,0.0,7.0,0.0,0.0684624069506,0.272276702723,0.0,0.0,0.0,0.00283275518608,222.290035701,,
2004-08-30,0.0,6.8,0.0,0.0645065771528,0.272210201097,0.0,0.0,0.0,0.00268399443622,222.280901236,,
2004-08-31,0.0,6.4,0.0,0.0589386959229,0.272149439555,0.0,0.0,0.0,0.00254270447385,222.271772883,222.29,
2004-09-01,0.0,5.3,0.0,0.0474667901712,0.27210050472,0.0,0.0,0.0,0.00240853221345,222.262650839,,
2004-09-02,6.4,2.3,3.4,0.0537209021891,0.275550276985,0.0,0.0,0.0,0.00228113982626,222.253535292,,
2004-09-03,16.0,3.5,13.0,0.276388274767,0.288667402475,0.0,0.0,0.0,0.00216020417453,222.244426417,,
2004-09-04,0.0,4.7,0.0,0.365569965143,0.288290526223,0.0,0.0,0.0,0.00204541626049,222.235324384,,
2004-09-05,0.0,5.0,0.0,0.381052629639,0.28789768846,0.0,0.0,0.0,0.00193648069001,222.226229351,,
2004-09-06,0.0,4.4,0.0,0.328124288436,0.287559415998,0.0,0.0,0.0,0.00183311515109,222.217141471,,
2004-09-07,0.0,4.8,0.0,0.351188319957,0.287197366183,0.0,0.0,0.0,0.00173504990719,222.208060887,,
2004-09-08,0.0,4.2,0.0,0.300953908211,0.286887104422,0.0,0.0,0.0,0.00164202730521,222.198987734,,
2004-09-09,0.1,5.4,0.0,0.379959849505,0.286495393237,0.0,0.0,0.0,0.00155380129823,222.189922142,,
2004-09-10,0.0,5.3,0.0,0.364273267325,0.286119853787,0.0,0.0,0.0,0.00147013698278,222.180864233,,
2004-09-11,0.0,5.9,0.0,0.396279738919,0.285711317973,0.0,0.0,0.0,0.00139081015053,222.171814121,,
2004-09-12,0.0,6.2,0.0,0.405875714308,0.285292889402,0.0,0.0,0.0,0.00131560685426,222.162771916,,
2004-09-13,0.0,5.3,0.0,0.337717974289,0.284944726542,0.0,0.0,0.0,0.00124432298793,222.153737722,,
2004-09-14,0.0,4.4,0.0,0.273986653264,0.284662266074,0.0,0.0,0.0,0.00117676388056,222.144711635,,
2004-09-15,0.0,5.3,0.0,0.323791709143,0.284328460189,0.0,0.0,0.0,0.00111274390385,222.135693748,,
2004-09-16,0.0,5.2,0.0,0.310449970754,0.284008408672,0.0,0.0,0.0,0.00105208609312,222.126684148,,
2004-09-17,0.0,5.7,0.0,0.33269970597,0.283665419285,0.0,0.0,0.0,0.000994621781446,222.117682917,,
2004-09-18,0.0,5.9,0.0,0.335941557419,0.283319087782,0.0,0.0,0.0,0.000940190246711,222.108690132,,
2004-09-19,0.0,5.9,0.0,0.327427574649,0.282981533582,0.0,0.0,0.0,0.000888638371206,222.099705866,,
2004-09-20,0.0,5.0,0.0,0.270448616285,0.282702720575,0.0,0.0,0.0,0.000839820313611,222.090730187,,
2004-09-21,0.0,5.2,0.0,0.275225612462,0.28241898283,0.0,0.0,0.0,0.000793597192998,222.081763161,,
2004-09-22,0.0,5.4,0.0,0.279427113684,0.282130913641,0.0,0.0,0.0,0.000749836784574,222.072804848,,
2004-09-23,0.0,6.0,0.0,0.303272841025,0.281818261228,0.0,0.0,0.0,0.000708413226877,222.063855305,,
2004-09-24,0.0,4.1,0.0,0.201895295971,0.281610121747,0.0,0.0,0.0,0.000669206740101,222.054914586,,
2004-09-25,0.0,5.3,0.0,0.256390188584,0.281345801965,0.0,0.0,0.0,0.00063210335527,222.045982741,,
2004-09-26,0.0,4.5,0.0,0.212733786847,0.281126488783,0.0,0.0,0.0,0.000596994653935,222.037059818,,
2004-09-27,0.0,4.8,0.0,0.222529775657,0.280897076643,0.0,0.0,0.0,0.0005637775181,222.028145859,222.03,
2004-09-28,0.0,4.8,0.0,0.21794153286,0.28067239465,0.0,0.0,0.0,0.000532353890072,222.019240907,,
2004-09-29,0.0,5.0,0.0,0.222341555216,0.280443176552,0.0,0.0,0.0,0.000502630541935,222.010345,,
2004-09-30,0.0,4.8,0.0,0.208863531044,0.280227853324,0.0,0.0,0.0,0.000474518854336,222.001458175,,
2004-10-01,0.0,4.2,0.0,0.178987433175,0.280043330197,0.0,0.0,0.0,0.000447934604308,221.992580464,,
2004-10-02,0.0,4.1,0.0,0.171573557538,0.279866450241,0.0,0.0,0.0,0.000422797761816,221.983711899,,
2004-10-03,0.0,4.5,0.0,0.184995942021,0.279675732775,0.0,0.0,0.0,0.000399032294747,221.974852509,,
2004-10-04,0.0,4.9,0.0,0.197546210825,0.279472076888,0.0,0.0,0.0,0.000376565982068,221.96600232,,
2004-10-05,0.0,4.5,0.0,0.177601441643,0.279288982618,0.0,0.0,0.0,0.000355330234847,221.957161359,,
2004-10-06,0.0,5.83,0.0,0.225644869427,0.279056359041,0.0,0.0,0.0,0.000335259924894,221.948329647,,
2004-10-07,0.0,5.3,0.0,0.199994595493,0.278850179046,0.0,0.0,0.0,0.000316293220727,221.939507207,,
2004-10-08,0.6,3.7,0.0,0.13644026029,0.278709518984,0.0,0.0,0.0,0.000298371430618,221.930694057,,
2004-10-09,1.7,3.5,0.0,0.127013818512,0.278578576903,0.0,0.0,0.0,0.000281438852446,221.921890216,,
2004-10-10,2.5,2.6,0.0,0.092934583113,0.278482768054,0.0,0.0,0.0,0.000265442630119,221.9130957,,
2004-10-11,0.0,2.8,0.0,0.0989656272986,0.278380741634,0.0,0.0,0.0,0.000250332616312,221.904310524,,
2004-10-12,0.0,3.2,0.0,0.11174322179,0.278265542437,0.0,0.0,0.0,0.000236061241287,221.895534701,,
2004-10-13,0.0,3.7,0.0,0.127427112563,0.278134174279,0.0,0.0,0.0,0.000222583387549,221.886768244,,
2004-10-14,0.0,3.1,0.0,0.105066417774,0.278025858385,0.0,0.0,0.0,0.000209856270138,221.878011164,221.86,
2004-10-15,0.4,2.5,0.0,0.0836026915068,0.277939670043,0.0,0.0,0.0,0.000197839322303,221.869263471,,
2004-10-16,0.1,2.5,0.0,0.0827048962802,0.277854407263,0.0,0.0,0.0,0.000186494086377,221.860525173,,
2004-10-17,0.0,1.9,0.0,0.0621807241672,0.277790303424,0.0,0.0,0.0,0.000175784109622,221.851796279,,
2004-10-18,1.2,1.7,0.0,0.0551813159191,0.277733415469,0.0,0.0,0.0,0.000165674844854,221.843076794,,
2004-10-19,10.4,1.4,7.4,0.0896133084508,0.285269896595,0.0,0.0,0.0,0.000156133555654,221.834366726,,
2004-10-20,8.1,2.5,5.1,0.213829464098,0.290307185807,0.0,0.0,0.0,0.000147129225967,221.825666077,,
2004-10-21,3.2,2.4,0.2,0.205133713739,0.290301893319,0.0,0.0,0.0,0.000138632473924,221.816974854,,
2004-10-22,0.0,2.7,0.0,0.228396299833,0.290066433216,0.0,0.0,0.0,0.000130615469691,221.808293058,,
2004-10-23,0.0,2.8,0.0,0.234108387515,0.289825084362,0.0,0.0,0.0,0.000123051857187,221.799620693,,
2004-10-24,4.2,2.3,1.2,0.20184606191,0.290854109041,0.0,0.0,0.0,0.000115916679508,221.790957759,,
2004-10-25,9.6,1.2,6.6,0.138291163761,0.297515664542,0.0,0.0,0.0,0.00010918630789,221.782304259,,
2004-10-26,0.2,1.9,0.0,0.217832344292,0.297291095115,0.0,0.0,0.0,0.000102838374062,221.773660193,,
2004-10-27,39.3,0.9,36.3,0.242676658228,0.334463593406,0.0,0.0,0.0,9.68517058483e-05,221.76502556,,
2004-10-28,6.0,1.8,3.0,0.506672826831,0.33703403379,0.0,0.0,0.0,9.12062658626e-05,221.756400359,,
2004-10-29,4.1,1.8,1.1,0.511260408066,0.337640981823,0.0,0.0,0.0,8.58830931757e-05,221.747784591,,
2004-10-30,0.0,2.0,0.0,0.563674848527,0.337059873732,0.0,0.0,0.0,8.08642478108e-05,221.739178251,,
2004-10-31,0.2,1.7,0.0,0.475007438935,0.336570175341,0.0,0.0,0.0,7.61327579476e-05,221.73058134,,
2004-11-01,0.1,1.9,0.0,0.527013888119,0.336026862055,0.0,0.0,0.0,7.16725697108e-05,221.721993853,,
2004-11-02,0.1,2.1,0.0,0.577735042978,0.335431258917,0.0,0.0,0.0,6.74684994272e-05,221.713415787,221.71,
2004-11-03,8.7,1.1,5.7,0.326826259729,0.340970613289,0.0,0.0,0.0,6.3506188238e-05,221.70484714,,
2004-11-04,0.1,1.5,0.0,0.443566333056,0.340513328409,0.0,0.0,0.0,5.97720589607e-05,221.696287906,,
2004-11-05,3.2,1.6,0.2,0.47146342651,0.340233469207,0.0,0.0,0.0,5.62532750945e-05,221.687738082,,
2004-11-06,0.0,2.6,0.0,0.760862583074,0.339449074791,0.0,0.0,0.0,5.29377018722e-05,221.679197664,,
2004-11-07,0.0,2.3,0.0,0.665553633417,0.338762937025,0.0,0.0,0.0,4.98138692626e-05,221.670666645,,
2004-11-08,0.0,2.6,0.0,0.74493181777,0.337994966079,0.0,0.0,0.0,4.6870936832e-05,221.662145021,,
2004-11-09,0.0,1.7,0.0,0.481631009725,0.337498439265,0.0,0.0,0.0,4.40986603783e-05,221.653632787,,
2004-11-10,0.0,2.4,0.0,0.674984392646,0.336802579066,0.0,0.0,0.0,4.14873602533e-05,221.645129936,,
2004-11-11,0.0,2.3,0.0,0.640191382716,0.33614258795,0.0,0.0,0.0,3.90278912932e-05,221.636636462,,
2004-11-12,0.0,2.2,0.0,0.606307056207,0.335517529129,0.0,0.0,0.0,3.67116142811e-05,221.628152359,,
2004-11-13,0.0,1.6,0.0,0.436783527527,0.335067236833,0.0,0.0,0.0,3.45303688679e-05,221.619677621,,
2004-11-14,0.0,2.0,0.0,0.542226973605,0.334508239953,0.0,0.0,0.0,3.24764478813e-05,221.611212241,,
2004-11-15,0.0,2.0,0.0,0.537568666271,0.333954045451,0.0,0.0,0.0,3.05425729559e-05,221.602756211,,
2004-11-16,0.0,2.0,0.0,0.53295037876,0.333404612071,0.0,0.0,0.0,2.87218714208e-05,221.594309524,,
2004-11-17,0.0,1.6,0.0,0.422697413807,0.332968841541,0.0,0.0,0.0,2.70078543822e-05,221.585872174,,
2004-11-18,0.0,1.8,0.0,0.47226631156,0.332481969055,0.0,0.0,0.0,2.53943959442e-05,221.577444153,,
2004-11-19,0.0,1.4,0.0,0.364478152822,0.332106218382,0.0,0.0,0.0,2.38757135106e-05,221.569025453,,
2004-11-20,0.1,1.4,0.0,0.362286273896,0.331732727378,0.0,0.0,0.0,2.24463491145e-05,221.560616066,,
2004-11-21,0.0,1.2,0.0,0.308663636891,0.331414517443,0.0,0.0,0.0,2.11011517256e-05,221.552215984,,
2004-11-22,0.0,1.3,0.0,0.332661969484,0.331071566959,0.0,0.0,0.0,1.98352604858e-05,221.5438252,,
2004-11-23,0.0,1.7,0.0,0.432590265961,0.330625597613,0.0,0.0,0.0,1.86440888272e-05,221.535443705,,
2004-11-24,0.0,1.6,0.0,0.404170650753,0.330208926839,0.0,0.0,0.0,1.75233094277e-05,221.52707149,,
2004-11-25,0.0,1.4,0.0,0.351218739894,0.329846845664,0.0,0.0,0.0,1.64688399635e-05,221.518708548,,
2004-11-26,0.0,1.7,0.0,0.423915156785,0.329409819729,0.0,0.0,0.0,1.54768296165e-05,221.510354869,,
2004-11-27,0.0,1.3,0.0,0.321803190199,0.329078063863,0.0,0.0,0.0,1.45436462995e-05,221.502010446,,
2004-11-28,10.2,0.7,7.2,0.193960504136,0.336300784993,0.0,0.0,0.0,1.36658645627e-05,221.493675269,,
2004-11-29,0.9,0.9,0.0,0.248627943722,0.336044467525,0.0,0.0,0.0,1.28402541467e-05,221.48534933,221.51,
2004-11-30,0.1,1.2,0.0,0.330222337624,0.335704032125,0.0,0.0,0.0,1.20637691479e-05,221.47703262,,
2004-12-01,23.8,1.1,20.8,0.399425267515,0.356735552468,0.0,0.0,0.0,1.13335377672e-05,221.46872513,,
2004-12-02,3.3,1.2,0.3,0.435224154092,0.356596146124,0.0,0.0,0.0,1.06468526098e-05,221.460426851,,
2004-12-03,0.0,1.3,0.0,0.469062458169,0.356112576579,0.0,0.0,0.0,1.00011615081e-05,221.452137773,,
2004-12-04,0.0,1.0,0.0,0.358802402413,0.355742677195,0.0,0.0,0.0,9.39405884187e-06,221.443857889,,
2004-12-05,0.0,1.1,0.0,0.392987270477,0.355337535679,0.0,0.0,0.0,8.82327732847e-06,221.435587188,,
2004-12-06,0.0,1.3,0.0,0.462244984929,0.354860994458,0.0,0.0,0.0,8.28668025907e-06,221.427325661,,
2004-12-07,0.0,1.2,0.0,0.424304972288,0.354423566651,0.0,0.0,0.0,7.78225415784e-06,221.419073299,,
2004-12-08,0.1,1.1,0.0,0.386941347151,0.354024658046,0.0,0.0,0.0,7.30810184167e-06,221.410830093,,
2004-12-09,0.3,1.0,0.0,0.350102741857,0.353663727384,0.0,0.0,0.0,6.86243585946e-06,221.402596034,,
2004-12-10,0.0,1.1,0.0,0.38345875051,0.353268409085,0.0,0.0,0.0,6.44357229098e-06,221.394371111,,
2004-12-11,0.0,1.0,0.0,0.346951704519,0.352910726915,0.0,0.0,0.0,6.04992488633e-06,221.386155316,,
2004-12-12,0.0,1.3,0.0,0.449099770789,0.352447737461,0.0,0.0,0.0,5.67999952788e-06,221.377948639,,
2004-12-13,5.6,1.0,2.6,0.354700624299,0.354762479085,0.0,0.0,0.0,5.33238899773e-06,221.369751071,,
2004-12-14,0.0,1.1,0.0,0.388494695806,0.354361969089,0.0,0.0,0.0,5.00576803418e-06,221.361562601,,
2004-12-15,0.0,1.3,0.0,0.4569606659,0.353890875619,0.0,0.0,0.0,4.69888866203e-06,221.353383222,,
2004-12-16,0.4,1.2,0.0,0.419454378096,0.353458448425,0.0,0.0,0.0,4.41057578193e-06,221.345212922,,
2004-12-17,0.1,1.2,0.0,0.417292242127,0.353028250238,0.0,0.0,0.0,4.13972300479e-06,221.337051692,,
2004-12-18,0.0,1.2,0.0,0.415141251188,0.352600269566,0.0,0.0,0.0,3.88528871835e-06,221.328899524,,
2004-12-19,0.3,1.2,0.0,0.413001347831,0.352174494981,0.0,0.0,0.0,3.64629237308e-06,221.320756406,,
2004-12-20,0.0,1.3,0.0,0.445111847813,0.351715616787,0.0,0.0,0.0,3.42181097579e-06,221.31262233,,
2004-12-21,0.0,1.2,0.0,0.408578083936,0.351294402268,0.0,0.0,0.0,3.21097577955e-06,221.304497286,,
2004-12-22,0.0,1.9,0.0,0.64358068462,0.350630917026,0.0,0.0,0.0,3.01296915939e-06,221.296381264,,
2004-12-23,0.0,1.6,0.0,0.537539446839,0.350076752648,0.0,0.0,0.0,2.82702166355e-06,221.288274254,,
2004-12-24,0.0,1.3,0.0,0.433749076842,0.349629588651,0.0,0.0,0.0,2.65240923081e-06,221.280176248,,
2004-12-25,0.0,1.5,0.0,0.497684929068,0.349116511404,0.0,0.0,0.0,2.48845056473e-06,221.272087234,,
2004-12-26,0.0,1.7,0.0,0.560408622448,0.348538770557,0.0,0.0,0.0,2.33450465629e-06,221.264007204,,
2004-12-27,0.0,1.5,0.0,0.490867315979,0.348032721777,0.0,0.0,0.0,2.18996844677e-06,221.255936147,,
2004-12-28,0.2,0.9,0.0,0.292622706665,0.347731048884,0.0,0.0,0.0,2.05427462306e-06,221.247874055,,
2004-12-29,0.1,1.1,0.0,0.356267307384,0.347363763,0.0,0.0,0.0,1.92688953825e-06,221.239820916,,
2004-12-30,0.0,2.0,0.0,0.644698024999,0.346699125861,0.0,0.0,0.0,1.80731125046e-06,221.231776723,,
2004-12-31,0.0,1.4,0.0,0.447411567521,0.346237876822,0.0,0.0,0.0,1.69506767343e-06,221.223741464,221.21,
2005-01-01,0.0,0.7,0.0,0.222360474064,0.34600863922,0.0,0.0,0.0,1.58971483269e-06,221.21571513,,
2005-01-02,0.2,0.7,0.0,0.221691864391,0.345780090906,0.0,0.0,0.0,1.4908352213e-06,221.207697711,,
2005-01-03,0.2,1.4,0.0,0.442050530285,0.34532436871,0.0,0.0,0.0,1.39803624986e-06,221.199689198,,
2005-01-04,0.0,1.3,0.0,0.408006997179,0.34490374294,0.0,0.0,0.0,1.31094878532e-06,221.191689581,,
2005-01-05,0.0,1.4,0.0,0.436938500481,0.344453290877,0.0,0.0,0.0,1.2292257737e-06,221.18369885,,
2005-01-06,0.0,1.5,0.0,0.465333067983,0.343973566065,0.0,0.0,0.0,1.15254094204e-06,221.175716995,,
2005-01-07,0.0,1.4,0.0,0.431512468712,0.34352870785,0.0,0.0,0.0,1.08058757516e-06,221.167744007,,
2005-01-08,0.0,1.2,0.0,0.367643539249,0.343149693892,0.0,0.0,0.0,1.01307736291e-06,221.159779876,,
2005-01-09,0.0,1.3,0.0,0.39622750858,0.342741211924,0.0,0.0,0.0,9.49739314086e-07,221.151824592,,
2005-01-10,0.0,1.3,0.0,0.394014897922,0.342335010998,0.0,0.0,0.0,8.90318733146e-07,221.143878146,,
2005-01-11,0.0,1.4,0.0,0.421954230824,0.341900006637,0.0,0.0,0.0,8.34576256238e-07,221.135940527,,
2005-01-12,0.0,1.3,0.0,0.389458369283,0.341498503163,0.0,0.0,0.0,7.82286943153e-07,221.128011727,,
2005-01-13,0.0,1.1,0.0,0.327701472832,0.341160666593,0.0,0.0,0.0,7.33239422037e-07,221.120091735,,
2005-01-14,0.0,1.7,0.0,0.504054721703,0.34064102255,0.0,0.0,0.0,6.87235083881e-07,221.112180541,221.15,
2005-01-15,0.0,1.2,0.0,0.353205112752,0.340276893568,0.0,0.0,0.0,6.44087323938e-07,221.104278137,,
2005-01-16,0.0,1.5,0.0,0.439230584801,0.339824078532,0.0,0.0,0.0,6.03620827407e-07,221.096384512,,
2005-01-17,0.0,1.7,0.0,0.494587222937,0.339314194797,0.0,0.0,0.0,5.65670896848e-07,221.088499656,,
2005-01-18,0.0,1.8,0.0,0.51985646098,0.338778260301,0.0,0.0,0.0,5.30082818951e-07,221.080623561,,
2005-01-19,0.0,1.7,0.0,0.487179343802,0.338276013555,0.0,0.0,0.0,4.967112684e-07,221.072756215,,
2005-01-20,0.0,2.1,0.0,0.597415118608,0.33766012168,0.0,0.0,0.0,4.65419746701e-07,221.06489761,,
2005-01-21,0.0,2.0,0.0,0.563834347337,0.337078849157,0.0,0.0,0.0,4.36080053983e-07,221.057047737,,
2005-01-22,0.0,1.8,0.0,0.50309136868,0.336560198262,0.0,0.0,0.0,4.08571791851e-07,221.049206584,,
2005-01-23,0.0,1.5,0.0,0.416001239136,0.336131331005,0.0,0.0,0.0,3.82781895519e-07,221.041374143,,
2005-01-24,0.3,1.2,0.0,0.330656655025,0.335790447855,0.0,0.0,0.0,3.58604193533e-07,221.033550405,,
2005-01-25,0.0,2.5,0.0,0.685317165161,0.335083935314,0.0,0.0,0.0,3.35938993479e-07,221.025735358,,
2005-01-26,0.0,2.2,0.0,0.596602740379,0.334468880943,0.0,0.0,0.0,3.1469269218e-07,221.017928995,,
2005-01-27,0.0,2.3,0.0,0.617826775699,0.333831946122,0.0,0.0,0.0,2.94777408966e-07,221.010131304,,
2005-01-28,0.0,1.6,0.0,0.425546307482,0.333393238589,0.0,0.0,0.0,2.76110640668e-07,221.002342277,,
2005-01-29,0.0,1.3,0.0,0.343380042356,0.333039238545,0.0,0.0,0.0,2.58614937082e-07,220.994561904,,
2005-01-30,0.0,2.2,0.0,0.577859686663,0.332443506909,0.0,0.0,0.0,2.42217595704e-07,220.986790176,,
2005-01-31,0.0,2.3,0.0,0.598416941214,0.331826582228,0.0,0.0,0.0,2.26850374625e-07,220.979027082,221.02,
2005-02-01,0.0,1.8,0.0,0.463699366708,0.331348541643,0.0,0.0,0.0,2.12449222508e-07,220.971272614,,
2005-02-02,0.0,2.1,0.0,0.53679973938,0.33079513985,0.0,0.0,0.0,1.98954024665e-07,220.963526761,,
2005-02-03,0.0,2.0,0.0,0.506626165419,0.330272844834,0.0,0.0,0.0,1.86308364285e-07,220.955789514,,
2005-02-04,0.0,1.8,0.0,0.452046336258,0.329806817684,0.0,0.0,0.0,1.74459297923e-07,220.948060864,,
2005-02-05,0.0,1.7,0.0,0.423631625259,0.329370084049,0.0,0.0,0.0,1.63357144419e-07,220.940340801,,
2005-02-06,0.5,1.5,0.0,0.371063025308,0.328987544848,0.0,0.0,0.0,1.52955286452e-07,220.932629316,,
2005-02-07,3.5,1.1,0.5,0.272722123508,0.329221851937,0.0,0.0,0.0,1.43209983986e-07,220.924926398,,
2005-02-08,0.2,1.5,0.0,0.370136574607,0.32884026784,0.0,0.0,0.0,1.34080198916e-07,220.91723204,,
2005-02-09,0.0,2.3,0.0,0.563885900129,0.328258942169,0.0,0.0,0.0,1.2552743024e-07,220.90954623,,
2005-02-10,0.0,2.5,0.0,0.606863980931,0.327633309199,0.0,0.0,0.0,1.17515559151e-07,220.90186896,,
2005-02-11,0.0,2.5,0.0,0.600346970826,0.327014394796,0.0,0.0,0.0,1.1001070344e-07,220.894200219,,
2005-02-12,0.0,2.1,0.0,0.498875954469,0.326500089689,0.0,0.0,0.0,1.02981080689e-07,220.88654,,
2005-02-13,0.0,2.2,0.0,0.517917488813,0.325966154133,0.0,0.0,0.0,9.6396879701e-08,220.878888292,,
2005-02-14,0.0,3.2,0.0,0.746215388443,0.325196859918,0.0,0.0,0.0,9.0230139707e-08,220.871245085,,
2005-02-15,0.0,2.5,0.0,0.574967290816,0.324604110134,0.0,0.0,0.0,8.44546368625e-08,220.863610371,,
2005-02-16,0.0,3.3,0.0,0.750806514342,0.3238300828,0.0,0.0,0.0,7.90457776205e-08,220.855984139,,
2005-02-17,0.0,2.4,0.0,0.538300827996,0.323275133492,0.0,0.0,0.0,7.39804985578e-08,220.848366381,,
2005-02-18,0.0,2.6,0.0,0.577147279501,0.322680136297,0.0,0.0,0.0,6.92371722769e-08,220.840757087,,
2005-02-19,0.0,2.6,0.0,0.570701476551,0.322091784259,0.0,0.0,0.0,6.47955190177e-08,220.833156248,,
2005-02-20,0.0,2.4,0.0,0.520917842594,0.321554755556,0.0,0.0,0.0,6.06365236383e-08,220.825563854,,
2005-02-21,0.0,2.6,0.0,0.558509851853,0.320978972203,0.0,0.0,0.0,5.6742357645e-08,220.817979895,,
2005-02-22,0.0,1.8,0.0,0.382342291524,0.320584804892,0.0,0.0,0.0,5.30963059667e-08,220.810404364,,
2005-02-23,0.0,2.1,0.0,0.442617042808,0.320128498663,0.0,0.0,0.0,4.96826981913e-08,220.802837249,,
2005-02-24,3.9,1.7,0.9,0.361649030476,0.320683499662,0.0,0.0,0.0,4.64868439953e-08,220.795278542,,
2005-02-25,0.0,2.5,0.0,0.527953121481,0.320139218094,0.0,0.0,0.0,4.34949725143e-08,220.787728234,,
2005-02-26,0.0,2.1,0.0,0.438718158319,0.319686931332,0.0,0.0,0.0,4.06941754177e-08,220.780186315,,
2005-02-27,12.2,1.2,9.2,0.295857337075,0.328866459851,0.0,0.0,0.0,3.80723534654e-08,220.772652776,,
2005-02-28,0.6,2.6,0.0,0.637719981719,0.328209016571,0.0,0.0,0.0,3.56181663341e-08,220.765127607,,
2005-03-01,0.8,1.9,0.0,0.460821381186,0.327733942982,0.0,0.0,0.0,3.33209855187e-08,220.7576108,220.88,
2005-03-02,0.5,1.3,0.0,0.312725524486,0.327411545534,0.0,0.0,0.0,3.11708501211e-08,220.750102344,,
2005-03-03,0.0,2.1,0.0,0.502351023423,0.326893657881,0.0,0.0,0.0,2.91584253528e-08,220.742602231,,
2005-03-04,0.0,3.7,0.0,0.877110559,0.325989420191,0.0,0.0,0.0,2.72749635858e-08,220.735110452,,
2005-03-05,0.0,3.0,0.0,0.699867752392,0.325267907045,0.0,0.0,0.0,2.55122677993e-08,220.727626996,,
2005-03-06,0.0,2.9,0.0,0.667820543455,0.324579432258,0.0,0.0,0.0,2.38626572747e-08,220.720151856,,
2005-03-07,0.0,3.3,0.0,0.750467193541,0.323805754738,0.0,0.0,0.0,2.23189354039e-08,220.712685021,,
2005-03-08,0.0,3.6,0.0,0.807086321076,0.322973706985,0.0,0.0,0.0,2.08743594818e-08,220.705226483,,
2005-03-09,0.0,2.7,0.0,0.595954203578,0.322359321208,0.0,0.0,0.0,1.95226123628e-08,220.697776232,,
2005-03-10,1.6,2.5,0.0,0.545409595915,0.321797043274,0.0,0.0,0.0,1.82577758666e-08,220.690334259,,
2005-03-11,0.0,2.6,0.0,0.561134635467,0.321218553959,0.0,0.0,0.0,1.70743058279e-08,220.682900554,,
2005-03-12,0.0,2.1,0.0,0.448162347141,0.320756530921,0.0,0.0,0.0,1.59670086899e-08,220.67547511,,
2005-03-13,1.0,2.3,0.0,0.486416754657,0.320255070349,0.0,0.0,0.0,1.49310195451e-08,220.668057916,,
2005-03-14,0.0,3.1,0.0,0.649127992006,0.319585866233,0.0,0.0,0.0,1.39617815383e-08,220.660648963,,
2005-03-15,0.2,3.4,0.0,0.702466438307,0.318861674029,0.0,0.0,0.0,1.30550265449e-08,220.653248242,,
2005-03-16,0.0,2.9,0.0,0.590411894517,0.318253001973,0.0,0.0,0.0,1.22067570497e-08,220.645855744,,
2005-03-17,0.0,4.5,0.0,0.904743786989,0.317320276419,0.0,0.0,0.0,1.14132291497e-08,220.638471461,,
2005-03-18,0.0,4.6,0.0,0.906971964701,0.316385253775,0.0,0.0,0.0,1.06709366144e-08,220.631095381,,
2005-03-19,0.0,3.0,0.0,0.579815672189,0.315787505659,0.0,0.0,0.0,9.97659593641e-09,220.623727498,,
2005-03-20,0.0,3.4,0.0,0.648656330176,0.315118787793,0.0,0.0,0.0,9.32713231364e-09,220.616367801,,
2005-03-21,2.7,2.4,0.0,0.451187877933,0.314653645651,0.0,0.0,0.0,8.71966650407e-09,220.609016282,,
2005-03-22,0.2,3.2,0.0,0.595381942015,0.314039849835,0.0,0.0,0.0,8.1515025003e-09,220.60167293,,
2005-03-23,1.9,2.0,0.0,0.366998748622,0.313661500609,0.0,0.0,0.0,7.62011597303e-09,220.594337738,,
2005-03-24,0.0,2.7,0.0,0.491191881854,0.313155117226,0.0,0.0,0.0,7.12314343608e-09,220.587010697,,
2005-03-25,0.0,3.6,0.0,0.647326758388,0.312487770052,0.0,0.0,0.0,6.65837208852e-09,220.579691796,,
2005-03-26,11.5,3.2,8.5,0.68334208867,0.32054618027,0.0,0.0,0.0,6.2237302919e-09,220.572381028,,
2005-03-27,0.7,2.7,0.0,0.568644528039,0.319959948798,0.0,0.0,0.0,5.81727864339e-09,220.565078382,,
2005-03-28,0.5,1.9,0.0,0.395516261317,0.319552200075,0.0,0.0,0.0,5.43720160807e-09,220.557783851,,
2005-03-29,0.1,3.1,0.0,0.640049250968,0.318892355486,0.0,0.0,0.0,5.08179967545e-09,220.550497424,,
2005-03-30,0.0,3.6,0.0,0.733385332295,0.318136288133,0.0,0.0,0.0,4.74948200805e-09,220.543219094,,
2005-03-31,0.0,6.2,0.0,1.24352077678,0.316854307951,0.0,0.0,0.0,4.43875955123e-09,220.535948851,,
2005-04-01,0.0,3.7,0.0,0.722337247581,0.316109630376,0.0,0.0,0.0,4.14823857586e-09,220.528686686,,
2005-04-02,2.6,2.6,0.0,0.499520995744,0.315594660278,0.0,0.0,0.0,3.87661462673e-09,220.521432589,,
2005-04-03,0.9,2.4,0.0,0.455946602777,0.315124612234,0.0,0.0,0.0,3.62266685165e-09,220.514186553,,
2005-04-04,0.1,2.9,0.0,0.545255731155,0.314562492923,0.0,0.0,0.0,3.38525268742e-09,220.506948568,,
2005-04-05,0.0,3.8,0.0,0.705572804615,0.313835098279,0.0,0.0,0.0,3.16330288049e-09,220.499718625,,
2005-04-06,0.0,4.1,0.0,0.748849595602,0.313063088387,0.0,0.0,0.0,2.95581682141e-09,220.492496716,220.68,
2005-04-07,0.0,4.6,0.0,0.825375860747,0.312212185438,0.0,0.0,0.0,2.76185817359e-09,220.485282831,,
2005-04-08,0.0,4.3,0.0,0.756301655756,0.311432493009,0.0,0.0,0.0,2.58055077791e-09,220.478076961,,
2005-04-09,0.0,5.4,0.0,0.932231092701,0.310471430027,0.0,0.0,0.0,2.41107481589e-09,220.470879098,,
2005-04-10,0.0,5.2,0.0,0.876880983913,0.309567429012,0.0,0.0,0.0,2.25266321542e-09,220.463689232,,
2005-04-11,0.0,4.7,0.0,0.774862151493,0.308768602052,0.0,0.0,0.0,2.10459828379e-09,220.456507355,,
2005-04-12,0.0,4.8,0.0,0.775372041043,0.307969249432,0.0,0.0,0.0,1.96620855366e-09,220.449333458,,
2005-04-13,0.0,4.7,0.0,0.743564468053,0.307202688125,0.0,0.0,0.0,1.83686582889e-09,220.442167532,,
2005-04-14,0.0,3.5,0.0,0.542539201826,0.30664336936,0.0,0.0,0.0,1.71598241745e-09,220.435009569,,
2005-04-15,0.0,4.1,0.0,0.625990893241,0.305998017924,0.0,0.0,0.0,1.60300853982e-09,220.427859558,,
2005-04-16,0.0,4.2,0.0,0.629965313672,0.305348569147,0.0,0.0,0.0,1.49742990178e-09,220.420717492,,
2005-04-17,0.0,2.6,0.0,0.382942832427,0.304953782722,0.0,0.0,0.0,1.3987654213e-09,220.413583361,,
2005-04-18,0.7,3.7,0.0,0.538870816964,0.304398245797,0.0,0.0,0.0,1.30656509985e-09,220.406457158,,
2005-04-19,0.0,3.7,0.0,0.530306289374,0.303851538282,0.0,0.0,0.0,1.22040802897e-09,220.399338872,,
2005-04-20,0.0,4.0,0.0,0.564192304707,0.303269896731,0.0,0.0,0.0,1.1399005237e-09,220.392228495,,
2005-04-21,0.0,4.6,0.0,0.637673020681,0.302612501865,0.0,0.0,0.0,1.06467437468e-09,220.385126019,,
2005-04-22,0.0,4.7,0.0,0.638661494847,0.301954087952,0.0,0.0,0.0,9.94385211727e-10,220.378031435,,
2005-04-23,0.0,3.9,0.0,0.519253929225,0.301418774623,0.0,0.0,0.0,9.28710971544e-10,220.370944733,,
2005-04-24,0.0,4.0,0.0,0.52364624372,0.300878933135,0.0,0.0,0.0,8.67350463205e-10,220.363865906,,
2005-04-25,0.0,4.9,0.0,0.630444884836,0.300228989955,0.0,0.0,0.0,8.10022025132e-10,220.356794944,,
2005-04-26,0.0,5.1,0.0,0.642366036535,0.299566756927,0.0,0.0,0.0,7.56462267815e-10,220.349731838,,
2005-04-27,0.0,5.6,0.0,0.689890994969,0.298855529097,0.0,0.0,0.0,7.06424896841e-10,220.342676581,,
2005-04-28,0.0,5.3,0.0,0.637226267567,0.298198594801,0.0,0.0,0.0,6.59679611137e-10,220.335629162,,
2005-04-29,0.0,5.3,0.0,0.62271896852,0.297556616483,0.0,0.0,0.0,6.16011071683e-10,220.328589574,,
2005-04-30,0.0,6.1,0.0,0.700397335606,0.296834557374,0.0,0.0,0.0,5.75217936207e-10,220.321557808,,
2005-05-01,0.0,4.1,0.0,0.458423688472,0.296361955633,0.0,0.0,0.0,5.37111955686e-10,220.314533855,,
2005-05-02,0.0,5.0,0.0,0.549207409027,0.295795762428,0.0,0.0,0.0,5.01517128724e-10,220.307517706,,
2005-05-03,0.0,5.4,0.0,0.580404654632,0.295197407114,0.0,0.0,0.0,4.68268910138e-10,220.300509353,,
2005-05-04,0.0,5.5,0.0,0.577440579697,0.294602107547,0.0,0.0,0.0,4.37213470298e-10,220.293508787,,
2005-05-05,0.0,6.4,0.0,0.656056201262,0.293925760948,0.0,0.0,0.0,4.08207001996e-10,220.286516,,
2005-05-06,0.0,7.3,0.0,0.727741895505,0.293175511571,0.0,0.0,0.0,3.81115071819e-10,220.279530982,,
2005-05-07,0.0,6.8,0.0,0.65663949452,0.292498563639,0.0,0.0,0.0,3.55812013196e-10,220.272553726,,
2005-05-08,0.0,6.2,0.0,0.581212894002,0.291899375088,0.0,0.0,0.0,3.32180358452e-10,220.265584221,,
2005-05-09,0.3,4.7,0.0,0.428862762146,0.291457248529,0.0,0.0,0.0,3.10110307395e-10,220.258622461,,
2005-05-10,0.0,5.1,0.0,0.455966531249,0.29098717994,0.0,0.0,0.0,2.89499230098e-10,220.251668436,,
2005-05-11,10.9,3.4,7.9,0.412696389363,0.298706049642,0.0,0.0,0.0,2.70251201693e-10,220.244722138,,
2005-05-12,3.9,4.0,0.9,0.493898078228,0.299124711417,0.0,0.0,0.0,2.52276567134e-10,220.237783558,,
2005-05-13,1.3,4.0,0.0,0.485411856953,0.298624286822,0.0,0.0,0.0,2.3549153401e-10,220.230852687,,
2005-05-14,0.0,5.1,0.0,0.608266094975,0.297997208374,0.0,0.0,0.0,2.19817791626e-10,220.223929518,,
2005-05-15,0.0,5.0,0.0,0.583275174457,0.297395893761,0.0,0.0,0.0,2.0518215465e-10,220.21701404,,
2005-05-16,3.7,3.9,0.7,0.456910077742,0.297646501928,0.0,0.0,0.0,1.91516229771e-10,220.210106247,,
2005-05-17,0.0,5.7,0.0,0.656604420799,0.296969590154,0.0,0.0,0.0,1.78756103893e-10,220.203206129,,
2005-05-18,0.0,5.6,0.0,0.629290436935,0.296320837127,0.0,0.0,0.0,1.66842052469e-10,220.196313678,,
2005-05-19,0.0,6.3,0.0,0.690921974573,0.295608546431,0.0,0.0,0.0,1.55718266699e-10,220.189428885,,
2005-05-20,0.0,7.0,0.0,0.746915937575,0.294838530001,0.0,0.0,0.0,1.45332598378e-10,220.182551741,,
2005-05-21,0.0,5.5,0.0,0.569216312515,0.29425170906,0.0,0.0,0.0,1.35636321253e-10,220.17568224,,
2005-05-22,0.0,5.9,0.0,0.596187847723,0.293637082413,0.0,0.0,0.0,1.26583907839e-10,220.16882037,,
2005-05-23,0.0,5.9,0.0,0.581078275981,0.293038032644,0.0,0.0,0.0,1.18132820695e-10,220.161966126,,
2005-05-24,0.0,6.8,0.0,0.652744258239,0.292365100419,0.0,0.0,0.0,1.10243317223e-10,220.155119497,,
2005-05-25,0.0,6.8,0.0,0.633677845198,0.29171182429,0.0,0.0,0.0,1.02878267136e-10,220.148280475,,
2005-05-26,0.0,7.0,0.0,0.633261541782,0.291058977339,0.0,0.0,0.0,9.60029817654e-11,220.141449052,,
2005-05-27,0.0,6.1,0.0,0.535249007376,0.290507174239,0.0,0.0,0.0,8.95850544494e-11,220.13462522,,
2005-05-28,0.0,5.7,0.0,0.487045388176,0.290005065591,0.0,0.0,0.0,8.35942112902e-11,220.12780897,,
2005-05-29,0.0,3.8,0.0,0.316746871864,0.289678522425,0.0,0.0,0.0,7.80021716081e-11,220.121000293,,
2005-05-30,1.8,4.4,0.0,0.360772911116,0.289306591588,0.0,0.0,0.0,7.27825174688e-11,220.114199182,,
2005-05-31,7.3,4.0,4.3,0.395659687984,0.293331684693,0.0,0.0,0.0,6.79105716973e-11,220.107405627,,
2005-06-01,0.1,6.0,0.0,0.583292117337,0.292730352614,0.0,0.0,0.0,6.33632838299e-11,220.100619621,,
2005-06-02,0.0,7.0,0.0,0.662968617901,0.292046879812,0.0,0.0,0.0,5.91191234924e-11,220.093841154,,
2005-06-03,0.0,8.0,0.0,0.734895993727,0.291289255076,0.0,0.0,0.0,5.5157980723e-11,220.08707022,,
2005-06-04,0.0,7.4,0.0,0.656418698177,0.290612534769,0.0,0.0,0.0,5.1461072791e-11,220.080306808,,
2005-06-05,0.0,7.0,0.0,0.601198930751,0.289992742056,0.0,0.0,0.0,4.80108570916e-11,220.073550912,,
2005-06-06,0.0,7.6,0.0,0.633103498455,0.289340058037,0.0,0.0,0.0,4.47909497221e-11,220.066802522,,
2005-06-07,0.0,8.1,0.0,0.652726958764,0.288667143647,0.0,0.0,0.0,4.17860493719e-11,220.06006163,,
2005-06-08,0.0,7.7,0.0,0.598904192007,0.288049716645,0.0,0.0,0.0,3.89818661821e-11,220.053328229,,
2005-06-09,0.0,7.8,0.0,0.58661579096,0.287444958098,0.0,0.0,0.0,3.63650552518e-11,220.046602308,,
2005-06-10,0.0,7.0,0.0,0.508811277845,0.286920410388,0.0,0.0,0.0,3.39231544898e-11,220.039883861,,
2005-06-11,0.0,7.0,0.0,0.493511969662,0.286411635162,0.0,0.0,0.0,3.16445265298e-11,220.033172879,,
2005-06-12,0.0,5.6,0.0,0.382938153779,0.28601685356,0.0,0.0,0.0,2.95183044444e-11,220.026469354,,
2005-06-13,0.0,4.9,0.0,0.327010760186,0.285679729065,0.0,0.0,0.0,2.75343410123e-11,220.019773277,,
2005-06-14,0.0,5.7,0.0,0.372393565296,0.285295818173,0.0,0.0,0.0,2.56831613061e-11,220.01308464,,
2005-06-15,0.0,6.9,0.0,0.439754772475,0.284842462737,0.0,0.0,0.0,2.39559183857e-11,220.006403435,,
2005-06-16,0.0,6.9,0.0,0.426720803703,0.284402544383,0.0,0.0,0.0,2.23443518951e-11,219.999729653,,
2005-06-17,0.0,7.9,0.0,0.474083752612,0.283913798246,0.0,0.0,0.0,2.08407493736e-11,219.993063287,,
2005-06-18,0.0,8.3,0.0,0.481185522689,0.283417730697,0.0,0.0,0.0,1.94379101031e-11,219.986404328,,
2005-06-19,0.0,7.5,0.0,0.41930408429,0.282985458445,0.0,0.0,0.0,1.81291113292e-11,219.979752767,,
2005-06-20,0.0,7.6,0.0,0.411206184105,0.282561534544,0.0,0.0,0.0,1.69080766981e-11,219.973108597,,
2005-06-21,0.0,7.1,0.0,0.371612063602,0.282178429324,0.0,0.0,0.0,1.57689467668e-11,219.96647181,,
2005-06-22,0.0,8.2,0.0,0.41609633524,0.28174946403,0.0,0.0,0.0,1.47062514507e-11,219.959842397,,
2005-06-23,0.0,7.0,0.0,0.342692700876,0.281396172586,0.0,0.0,0.0,1.37148842816e-11,219.95322035,,
2005-06-24,0.0,6.6,0.0,0.31339474611,0.281073085219,0.0,0.0,0.0,1.27900783588e-11,219.946605661,,
2005-06-25,0.1,5.8,0.0,0.267599559452,0.280797209384,0.0,0.0,0.0,1.19273838818e-11,219.939998321,,
2005-06-26,0.0,6.4,0.0,0.287925583579,0.280500378886,0.0,0.0,0.0,1.11226471615e-11,219.933398323,,
2005-06-27,0.0,5.8,0.0,0.253759156404,0.280238771508,0.0,0.0,0.0,1.0371991013e-11,219.926805658,,
2005-06-28,0.0,6.0,0.0,0.255969287699,0.279974885644,0.0,0.0,0.0,9.67179644037e-12,219.920220318,,
2005-06-29,0.0,6.4,0.0,0.265996950516,0.279700661984,0.0,0.0,0.0,9.01868552723e-12,219.913642296,,
2005-06-30,0.0,7.0,0.0,0.282935974534,0.279408975412,0.0,0.0,0.0,8.40950545592e-12,219.907071582,,
2005-07-01,0.0,7.4,0.0,0.290110075213,0.279109892861,0.0,0.0,0.0,7.84131357994e-12,219.900508169,,
2005-07-02,0.0,7.6,0.0,0.288479940584,0.27881249086,0.0,0.0,0.0,7.31136348136e-12,219.893952049,,
2005-07-03,0.0,8.5,0.0,0.31210905129,0.278490728951,0.0,0.0,0.0,6.81709194825e-12,219.887403214,,
2005-07-04,0.0,8.3,0.0,0.29363770957,0.278188009663,0.0,0.0,0.0,6.35610681193e-12,219.880861654,220.08,
2005-07-05,0.0,8.0,0.0,0.27293365544,0.277906634761,0.0,0.0,0.0,5.92617558748e-12,219.874327364,,
2005-07-06,0.0,8.6,0.0,0.283321078924,0.277614551174,0.0,0.0,0.0,5.52521486481e-12,219.867800333,,
2005-07-07,0.0,8.1,0.0,0.256991102128,0.277349611894,0.0,0.0,0.0,5.151280401e-12,219.861280555,,
2005-07-08,0.0,7.3,0.0,0.223550695097,0.277119147259,0.0,0.0,0.0,4.80255786772e-12,219.854768021,,
2005-07-09,0.0,7.7,0.0,0.228405974575,0.276883677183,0.0,0.0,0.0,4.47735421075e-12,219.848262723,,
2005-07-10,0.0,7.7,0.0,0.220851309609,0.27665599542,0.0,0.0,0.0,4.17408958124e-12,219.841764654,,
2005-07-11,0.0,7.7,0.0,0.213546519729,0.276435844369,0.0,0.0,0.0,3.89128980119e-12,219.835273804,,
2005-07-12,0.0,7.6,0.0,0.203801738347,0.276225739484,0.0,0.0,0.0,3.62757932789e-12,219.828790166,,
2005-07-13,0.0,7.7,0.0,0.199742475111,0.276019819407,0.0,0.0,0.0,3.38167468442e-12,219.822313733,,
2005-07-14,0.0,7.5,0.0,0.188119356454,0.275825881926,0.0,0.0,0.0,3.15237832565e-12,219.815844495,,
2005-07-15,0.0,7.6,0.0,0.184486260979,0.275635689904,0.0,0.0,0.0,2.93857291085e-12,219.809382446,,
2005-07-16,0.0,7.4,0.0,0.173767105374,0.275456548558,0.0,0.0,0.0,2.73921595623e-12,219.802927577,,
2005-07-17,0.0,6.8,0.0,0.154602209151,0.275297164838,0.0,0.0,0.0,2.55333484225e-12,219.796479879,,
2005-07-18,0.0,7.7,0.0,0.169950705203,0.275121957925,0.0,0.0,0.0,2.38002215236e-12,219.790039346,,
2005-07-19,0.0,7.3,0.0,0.155792886883,0.274961346701,0.0,0.0,0.0,2.21843132122e-12,219.783605969,,
2005-07-20,0.0,7.9,0.0,0.163310995586,0.27479298485,0.0,0.0,0.0,2.06777257199e-12,219.77717974,,
2005-07-21,0.0,9.1,0.0,0.181734008904,0.274605630202,0.0,0.0,0.0,1.92730912358e-12,219.770760652,220.08,
2005-07-22,0.0,8.0,0.0,0.153521006729,0.274447361123,0.0,0.0,0.0,1.79635365006e-12,219.764348695,,
2005-07-23,0.0,8.1,0.0,0.150098437893,0.274292620465,0.0,0.0,0.0,1.6742649754e-12,219.757943863,,
2005-07-24,0.0,6.4,0.0,0.11446987907,0.274174610281,0.0,0.0,0.0,1.56044498821e-12,219.751546148,,
2005-07-25,0.0,5.7,0.0,0.0991469941625,0.274072396884,0.0,0.0,0.0,1.45433576168e-12,219.745155541,,
2005-07-26,0.0,6.1,0.0,0.103506754147,0.273965688891,0.0,0.0,0.0,1.35541686532e-12,219.738772035,,
2005-07-27,1.4,4.3,0.0,0.0710519259551,0.273892439482,0.0,0.0,0.0,1.26320285565e-12,219.732395622,,
2005-07-28,0.0,5.6,0.0,0.0908235879207,0.273798806917,0.0,0.0,0.0,1.17724093408e-12,219.726026293,,
2005-07-29,0.0,6.6,0.0,0.10446719023,0.273691108783,0.0,0.0,0.0,1.09710876089e-12,219.719664042,,
2005-07-30,0.0,7.5,0.0,0.115347149475,0.273572194196,0.0,0.0,0.0,1.02241241489e-12,219.71330886,,
2005-07-31,0.0,7.5,0.0,0.111631068628,0.27345711062,0.0,0.0,0.0,9.52784489162e-13,219.706960739,,
2005-08-01,0.0,7.1,0.0,0.102272855848,0.273351674686,0.0,0.0,0.0,8.8788231382e-13,219.700619671,,
2005-08-02,0.0,6.9,0.0,0.0963606472321,0.273252333813,0.0,0.0,0.0,8.27386297392e-13,219.694285649,,
2005-08-03,0.0,8.1,0.0,0.109766266185,0.273139172714,0.0,0.0,0.0,7.70998378889e-13,219.687958665,,
2005-08-04,0.0,8.1,0.0,0.105947079089,0.273029948921,0.0,0.0,0.0,7.18440583267e-13,219.681638711,,
2005-08-05,0.0,6.8,0.0,0.0858485527578,0.272941445258,0.0,0.0,0.0,6.69453673361e-13,219.675325779,,
2005-08-06,0.0,7.6,0.0,0.0931457665105,0.272845418695,0.0,0.0,0.0,6.23795891914e-13,219.669019862,,
2005-08-07,0.0,7.5,0.0,0.088919334213,0.272753749278,0.0,0.0,0.0,5.81241787692e-13,219.662720951,,
2005-08-08,0.0,7.2,0.0,0.082612478343,0.272668581775,0.0,0.0,0.0,5.41581120081e-13,219.656429039,,
2005-08-09,0.0,4.7,0.0,0.0522597264203,0.272614705768,0.0,0.0,0.0,5.04617836972e-13,219.650144117,,
2005-08-10,0.7,5.0,0.0,0.0544730368341,0.272558547998,0.0,0.0,0.0,4.70169121022e-13,219.64386618,,
2005-08-11,0.0,5.6,0.0,0.0596994532891,0.27249700217,0.0,0.0,0.0,4.38064499756e-13,219.637595217,,
2005-08-12,0.0,6.4,0.0,0.0665867245325,0.272428356062,0.0,0.0,0.0,4.08145015259e-13,219.631331222,,
2005-08-13,0.0,7.6,0.0,0.0768979419698,0.272349079833,0.0,0.0,0.0,3.80262449464e-13,219.625074188,,
2005-08-14,0.0,7.7,0.0,0.0753663113206,0.272271382605,0.0,0.0,0.0,3.54278601362e-13,219.618824105,,
2005-08-15,0.0,7.7,0.0,0.0728735252503,0.27219625526,0.0,0.0,0.0,3.30064612638e-13,219.612580967,,
2005-08-16,0.0,6.1,0.0,0.0558214878478,0.272138707334,0.0,0.0,0.0,3.07500338527e-13,219.606344766,,
2005-08-17,0.0,6.4,0.0,0.0570321955725,0.272079911256,0.0,0.0,0.0,2.86473760861e-13,219.600115494,,
2005-08-18,0.0,7.2,0.0,0.0623973376818,0.272015584104,0.0,0.0,0.0,2.66880440485e-13,219.593893144,,
2005-08-19,0.0,4.2,0.0,0.0352727218167,0.271979220473,0.0,0.0,0.0,2.48623006429e-13,219.587677707,,
2005-08-20,0.0,5.9,0.0,0.0486558366297,0.271929059817,0.0,0.0,0.0,2.31610679358e-13,219.581469176,,
2005-08-21,0.0,7.7,0.0,0.0618906691208,0.271865255003,0.0,0.0,0.0,2.15758827035e-13,219.575267544,,
2005-08-22,0.0,7.1,0.0,0.0551804605121,0.271808367931,0.0,0.0,0.0,2.00988549633e-13,219.569072802,,
2005-08-23,0.0,7.0,0.0,0.0527440646405,0.271753992606,0.0,0.0,0.0,1.87226292911e-13,219.562884943,,
2005-08-24,0.0,7.2,0.0,0.0526197781848,0.271699745412,0.0,0.0,0.0,1.74403487392e-13,219.55670396,,
2005-08-25,0.0,6.9,0.0,0.0488676805995,0.27164936636,0.0,0.0,0.0,1.62456211799e-13,219.550529845,,
2005-08-26,0.0,6.5,0.0,0.0446703389164,0.271603314464,0.0,0.0,0.0,1.51324879122e-13,219.544362589,,
2005-08-27,0.0,7.3,0.0,0.0487674816194,0.27155303871,0.0,0.0,0.0,1.40953943808e-13,219.538202186,,
2005-08-28,0.0,6.2,0.0,0.0401201666738,0.271511677713,0.0,0.0,0.0,1.31291628652e-13,219.532048628,,
2005-08-29,0.0,6.1,0.0,0.0384218085485,0.271472067601,0.0,0.0,0.0,1.22289670074e-13,219.525901908,,
2005-08-30,0.0,6.9,0.0,0.0423219435425,0.271428436732,0.0,0.0,0.0,1.13903080547e-13,219.519762017,,
2005-08-31,0.0,6.5,0.0,0.0386868281542,0.271388553404,0.0,0.0,0.0,1.06089927024e-13,219.513628948,,
2005-09-01,0.0,6.0,0.0,0.0347138350963,0.271352765945,0.0,0.0,0.0,9.88111242952e-14,219.507502693,,
2005-09-02,0.0,5.6,0.0,0.0315645387164,0.271320225183,0.0,0.0,0.0,9.20302422733e-14,219.501383246,,
2005-09-03,0.0,5.6,0.0,0.03080525428,0.271288467189,0.0,0.0,0.0,8.5713326266e-14,219.495270598,,
2005-09-04,0.0,7.0,0.0,0.0375802930219,0.271249724619,0.0,0.0,0.0,7.98287293719e-14,219.489164742,,
2005-09-05,0.0,6.6,0.0,0.0343674270279,0.271214294282,0.0,0.0,0.0,7.43469561797e-14,219.48306567,,
2005-09-06,0.2,3.8,0.0,0.0192263261325,0.271194473327,0.0,0.0,0.0,6.92405170146e-14,219.476973375,,
2005-09-07,0.0,4.5,0.0,0.0223963748865,0.271171384281,0.0,0.0,0.0,6.44837920214e-14,219.470887849,,
2005-09-08,0.0,5.2,0.0,0.0253799927551,0.27114521934,0.0,0.0,0.0,6.00529044235e-14,219.464809084,,
2005-09-09,0.2,4.2,0.0,0.0200413384504,0.271124558166,0.0,0.0,0.0,5.59256023413e-14,219.458737074,,
2005-09-10,0.2,4.8,0.0,0.0224911633272,0.2711013714,0.0,0.0,0.0,5.20811485939e-14,219.452671811,,
2005-09-11,0.0,5.0,0.0,0.0229452375009,0.271077716516,0.0,0.0,0.0,4.85002179459e-14,219.446613287,,
2005-09-12,0.0,4.7,0.0,0.0211052817721,0.271055958494,0.0,0.0,0.0,4.51648013007e-14,219.440561494,,
2005-09-13,0.0,5.5,0.0,0.0241990488111,0.271031011021,0.0,0.0,0.0,4.20581163699e-14,219.434516426,,
2005-09-14,0.0,5.8,0.0,0.0249160996639,0.27100532432,0.0,0.0,0.0,3.91645243844e-14,219.428478074,,
2005-09-15,0.0,4.3,0.0,0.0180120607314,0.270986755185,0.0,0.0,0.0,3.64694524394e-14,219.422446432,,
2005-09-16,0.2,5.0,0.0,0.0205573996899,0.27096556199,0.0,0.0,0.0,3.39593210945e-14,219.416421491,,
2005-09-17,0.0,4.0,0.0,0.016092699826,0.270948971577,0.0,0.0,0.0,3.16214768735e-14,219.410403245,219.76,
2005-09-18,0.0,5.9,0.0,0.0233288846103,0.270924921181,0.0,0.0,0.0,2.94441293341e-14,219.404391686,,
2005-09-19,0.0,4.7,0.0,0.0181130397919,0.270906247944,0.0,0.0,0.0,2.74162923999e-14,219.398386806,,
2005-09-20,0.0,4.9,0.0,0.0185025621893,0.270887173138,0.0,0.0,0.0,2.55277296661e-14,219.392388599,,
2005-09-21,0.0,5.2,0.0,0.0192220846476,0.270867356555,0.0,0.0,0.0,2.37689034111e-14,219.386397056,,
2005-09-22,0.0,4.6,0.0,0.0166243339799,0.270850218067,0.0,0.0,0.0,2.21309270643e-14,219.38041217,,
2005-09-23,0.0,5.2,0.0,0.018421391448,0.270831226942,0.0,0.0,0.0,2.06055208959e-14,219.374433935,,
2005-09-24,0.0,4.7,0.0,0.0162781942736,0.270814445298,0.0,0.0,0.0,1.91849707122e-14,219.368462341,,
2005-09-25,0.0,4.9,0.0,0.0166282581685,0.270797302764,0.0,0.0,0.0,1.78620893517e-14,219.362497383,,
2005-09-26,0.0,4.2,0.0,0.0139527983674,0.270782918436,0.0,0.0,0.0,1.66301807943e-14,219.356539053,,
2005-09-27,0.0,3.9,0.0,0.0127224245791,0.270769802534,0.0,0.0,0.0,1.54830067066e-14,219.350587343,,
2005-09-28,0.0,4.6,0.0,0.0147545485686,0.270754591659,0.0,0.0,0.0,1.44147552571e-14,219.344642246,,
2005-09-29,0.0,4.2,0.0,0.013205354036,0.270740977892,0.0,0.0,0.0,1.34200120505e-14,219.338703754,,
2005-09-30,0.0,4.4,0.0,0.0135845946894,0.270726973155,0.0,0.0,0.0,1.24937330349e-14,219.332771861,,
2005-10-01,0.0,5.5,0.0,0.016659801477,0.270709798102,0.0,0.0,0.0,1.16312192505e-14,219.326846559,,
2005-10-02,0.0,5.3,0.0,0.0156747080922,0.270693638609,0.0,0.0,0.0,1.08280932934e-14,219.320927841,,
2005-10-03,0.0,6.0,0.0,0.0173409652353,0.270675761326,0.0,0.0,0.0,1.00802773806e-14,219.315015699,,
2005-10-04,0.0,4.9,0.0,0.0137967937323,0.270661537827,0.0,0.0,0.0,9.38397290495e-15,219.309110126,,
2005-10-05,0.1,4.3,0.0,0.0118525527332,0.2706493187,0.0,0.0,0.0,8.73564138141e-15,219.303211114,,
2005-10-06,0.0,4.3,0.0,0.0116336267162,0.270637325271,0.0,0.0,0.0,8.13198668934e-15,219.297318658,,
2005-10-07,0.0,4.9,0.0,0.0130120576129,0.270623910778,0.0,0.0,0.0,7.5699385229e-15,219.291432748,,
2005-10-08,0.0,4.3,0.0,0.0111784014473,0.270612386653,0.0,0.0,0.0,7.04663696805e-15,219.285553378,,
2005-10-09,7.4,1.8,4.4,0.0386135184561,0.275108661376,0.0,0.0,0.0,6.55941812933e-15,219.279680541,,
2005-10-10,9.4,1.9,6.4,0.0926772462065,0.281611055968,0.0,0.0,0.0,6.10580073555e-15,219.273814229,,
2005-10-11,6.5,1.8,3.5,0.11414477543,0.285101628364,0.0,0.0,0.0,5.6834736577e-15,219.267954436,,
2005-10-12,6.7,1.5,3.7,0.118225383464,0.288794179516,0.0,0.0,0.0,5.29028427732e-15,219.262101153,,
2005-10-13,0.0,3.1,0.0,0.242758152076,0.288543913379,0.0,0.0,0.0,4.92422764748e-15,219.256254374,,
2005-10-14,0.0,2.4,0.0,0.185439133794,0.288352739015,0.0,0.0,0.0,4.58343639263e-15,219.250414091,,
2005-10-15,0.0,2.5,0.0,0.191174364736,0.288155652041,0.0,0.0,0.0,4.26617129699e-15,219.244580298,,
2005-10-16,0.0,2.2,0.0,0.166426810373,0.287984078009,0.0,0.0,0.0,3.97081253494e-15,219.238752987,,
2005-10-17,2.9,1.3,0.0,0.0974137558842,0.287883651457,0.0,0.0,0.0,3.69585149944e-15,219.23293215,,
2005-10-18,0.1,2.0,0.0,0.149030428808,0.28773001184,0.0,0.0,0.0,3.43988318811e-15,219.227117781,,
2005-10-19,0.0,2.7,0.0,0.199462633196,0.287524380259,0.0,0.0,0.0,3.2015991089e-15,219.221309872,,
2005-10-20,0.5,1.9,0.0,0.13873467705,0.287381354819,0.0,0.0,0.0,2.97978067006e-15,219.215508417,,
2005-10-21,0.2,2.3,0.0,0.166571317013,0.287209631812,0.0,0.0,0.0,2.7732930214e-15,219.209713407,,
2005-10-22,6.9,1.4,3.9,0.123843127148,0.291102577041,0.0,0.0,0.0,2.5810793162e-15,219.203924837,,
2005-10-23,0.2,1.9,0.0,0.167062068243,0.290930348105,0.0,0.0,0.0,2.40215536509e-15,219.198142698,,
2005-10-24,0.1,2.4,0.0,0.209303481049,0.29071457132,0.0,0.0,0.0,2.23560465524e-15,219.192366984,,
2005-10-25,0.1,2.4,0.0,0.207145713203,0.290501019039,0.0,0.0,0.0,2.08057370992e-15,219.186597688,,
2005-10-26,0.0,3.2,0.0,0.273346920516,0.29021921809,0.0,0.0,0.0,1.93626776534e-15,219.180834801,,
2005-10-27,30.6,1.2,27.6,0.243364131686,0.31842193548,0.0,0.0,0.0,1.80194674303e-15,219.175078318,,
2005-10-28,25.8,2.3,22.8,0.689301280306,0.341216470242,0.0,0.0,0.0,1.67692149774e-15,219.169328231,,
2005-10-29,0.0,2.5,0.0,0.74183823169,0.34045168856,0.0,0.0,0.0,1.56055032195e-15,219.163584533,,
2005-10-30,11.2,1.0,8.2,0.328772070031,0.348566356529,0.0,0.0,0.0,1.45223568967e-15,219.157847217,,
2005-10-31,0.1,1.9,0.0,0.621983655856,0.347925136265,0.0,0.0,0.0,1.35142122291e-15,219.152116276,,
2005-11-01,0.0,2.0,0.0,0.649376135545,0.347255676332,0.0,0.0,0.0,1.25758886604e-15,219.146391702,,
2005-11-02,0.0,2.0,0.0,0.643797302765,0.346591967772,0.0,0.0,0.0,1.17025625341e-15,219.140673489,,
2005-11-03,4.2,0.9,1.2,0.291859054404,0.347528195551,0.0,0.0,0.0,1.08897425744e-15,219.13496163,,
2005-11-04,0.2,1.9,0.0,0.613764881447,0.346895448251,0.0,0.0,0.0,1.01332470452e-15,219.129256117,,
2005-11-05,0.0,1.9,0.0,0.608755631985,0.346267865125,0.0,0.0,0.0,9.4291824751e-16,219.123556943,,
2005-11-06,0.0,1.9,0.0,0.603787265573,0.345645404027,0.0,0.0,0.0,8.77392384019e-16,219.117864102,,
2005-11-07,0.0,2.0,0.0,0.630378366888,0.344995529421,0.0,0.0,0.0,8.16409610516e-16,219.112177586,,
2005-11-08,0.0,2.1,0.0,0.656210882438,0.344319023357,0.0,0.0,0.0,7.59655703019e-16,219.106497389,,
2005-11-09,0.1,2.2,0.0,0.681257714107,0.343616695817,0.0,0.0,0.0,7.06838115685e-16,219.100823503,,
2005-11-10,0.0,2.2,0.0,0.674819711654,0.342921005392,0.0,0.0,0.0,6.57684489257e-16,219.095155921,,
2005-11-11,0.0,1.9,0.0,0.57729129269,0.34232585973,0.0,0.0,0.0,6.11941261839e-16,219.089494637,,
2005-11-12,0.1,1.6,0.0,0.482172398199,0.341828774783,0.0,0.0,0.0,5.69372375008e-16,219.083839643,,
2005-11-13,0.9,1.6,0.0,0.478858498555,0.341335106228,0.0,0.0,0.0,5.29758068747e-16,219.078190932,,
2005-11-14,0.1,1.2,0.0,0.35667553114,0.340967399495,0.0,0.0,0.0,4.92893759102e-16,219.072548498,,
2005-11-15,0.0,1.1,0.0,0.325267247685,0.340632072435,0.0,0.0,0.0,4.58588992916e-16,219.066912333,,
2005-11-16,0.1,1.2,0.0,0.353160362177,0.340267989588,0.0,0.0,0.0,4.26666474358e-16,219.06128243,,
2005-11-17,0.0,1.2,0.0,0.351339947939,0.339905783456,0.0,0.0,0.0,3.96961158324e-16,219.055658783,,
2005-11-18,2.3,1.2,0.0,0.34952891728,0.339545444366,0.0,0.0,0.0,3.69319406141e-16,219.050041385,,
2005-11-19,38.8,0.9,35.8,0.399197478228,0.376041117069,0.0,0.0,0.0,3.43598199297e-16,219.044430227,,
2005-11-20,39.5,1.0,36.5,0.598624929367,0.379382860898,0.0,0.0,32.6598835567,3.19664407222e-16,219.038825305,,
2005-11-21,5.6,1.3,2.6,0.607009396872,0.379374217117,0.0,0.0,2.00137507063,6.76635092836e-06,219.033226804,,
2005-11-22,4.5,1.1,1.5,0.508386123984,0.379475890594,0.0,0.0,0.892990603128,3.78898116751e-05,219.027635412,,
2005-11-23,0.0,1.5,0.0,0.684224316211,0.378770504701,0.0,0.0,0.0,0.000123555099445,219.02205268,,
2005-11-24,0.0,1.9,0.0,0.861099828882,0.377882772918,0.0,0.0,0.0,0.000306471382018,219.016481378,,
2005-11-25,0.9,1.3,0.0,0.584365019975,0.377280334754,0.0,0.0,0.0,0.000640553355565,219.010925812,,
2005-11-26,0.1,1.2,0.0,0.536401673768,0.376727343337,0.0,0.0,0.0,0.00118881173544,219.005392082,,
2005-11-27,0.2,1.0,0.0,0.444697263905,0.37626889255,0.0,0.0,0.0,0.00202080484849,218.999888273,,
2005-11-28,1.7,0.9,0.0,0.398508347062,0.375858059202,0.0,0.0,0.0,0.00320991580404,218.994424553,,
2005-11-29,0.0,1.3,0.0,0.573397820679,0.375266927428,0.0,0.0,0.0,0.00483064922699,218.989013211,,
2005-11-30,0.0,1.3,0.0,0.570195856904,0.374679096648,0.0,0.0,0.0,0.00695608501701,218.983668608,,
2005-12-01,1.1,1.2,0.0,0.52339548324,0.374139513676,0.0,0.0,0.0,0.00965558171539,218.978407073,,
2005-12-02,15.1,0.7,12.1,0.340123409733,0.37964935731,0.0,0.0,6.41532826539,0.0129927868252,218.973246732,,
2005-12-03,2.8,0.9,0.0,0.411185089911,0.379225455155,0.0,0.0,0.0,0.0170253132579,218.96820734,,
2005-12-04,4.8,0.9,1.8,0.416554219718,0.37957056266,0.0,0.0,1.04869150036,0.021804148695,218.963310085,,
2005-12-05,0.8,0.6,0.0,0.27392640665,0.379288164303,0.0,0.0,0.0,0.0273731741869,218.958577387,,
2005-12-06,0.1,1.1,0.0,0.500904086387,0.378771768337,0.0,0.0,0.0,0.0337685885238,218.954032673,,
2005-12-07,0.0,1.0,0.0,0.453215701406,0.378304535656,0.0,0.0,0.0,0.0410183437833,218.949700145,,
2005-12-08,0.0,1.0,0.0,0.451268898565,0.377839309987,0.0,0.0,0.0,0.0491416639775,218.945604526,,
2005-12-09,0.0,1.7,0.0,0.763861779074,0.377051823617,0.0,0.0,0.0,0.0581486925374,218.941770801,,
2005-12-10,0.0,2.2,0.0,0.981308383153,0.37604016549,0.0,0.0,0.0,0.0680402941959,218.938223953,,
2005-12-11,0.0,1.6,0.0,0.706934436598,0.375311367101,0.0,0.0,0.0,0.0788080215644,218.934988695,,
2005-12-12,0.0,1.4,0.0,0.614316308092,0.37467805132,0.0,0.0,0.0,0.0904342454095,218.93208921,,
2005-12-13,0.0,1.3,0.0,0.567006111316,0.374093508937,0.0,0.0,0.0,0.102892439566,218.929548895,,
2005-12-14,0.0,1.4,0.0,0.607212135467,0.373467517045,0.0,0.0,0.0,0.116147605902,218.927390121,,
2005-12-15,0.0,1.5,0.0,0.646671981531,0.372800844899,0.0,0.0,0.0,0.130156821278,218.925634009,,
2005-12-16,0.0,1.2,0.0,0.514004224495,0.372270943637,0.0,0.0,0.0,0.144869886508,218.924300222,,
2005-12-17,0.0,1.1,0.0,0.468741825001,0.371787704642,0.0,0.0,0.0,0.160230056657,218.923406779,,
2005-12-18,0.0,1.2,0.0,0.508938523209,0.371263025752,0.0,0.0,0.0,0.176174832207,218.922969894,,
2005-12-19,0.0,1.38,0.0,0.582262398073,0.370662755238,0.0,0.0,0.0,0.192636791489,218.923003836,,
2005-12-20,0.0,1.99,0.0,0.834662012185,0.369802278937,0.0,0.0,0.0,0.209544446147,218.923520816,,
2005-12-21,0.0,2.26,0.0,0.939804793325,0.368833408016,0.0,0.0,0.0,0.226823103018,218.924530897,,
2005-12-22,0.0,1.67,0.0,0.687715797446,0.368124422658,0.0,0.0,0.0,0.244395717677,218.926041931,,
2005-12-23,0.0,1.63,0.0,0.666428370553,0.367437383101,0.0,0.0,0.0,0.262183726786,218.928059515,,
2005-12-24,0.0,1.62,0.0,0.65770233593,0.366759339455,0.0,0.0,0.0,0.280107848333,218.930586974,,
2005-12-25,7.4,0.49,4.4,0.20681148644,0.371082214212,0.0,0.0,0.0,0.298088840732,218.933625368,,
2005-12-26,10.6,0.9,7.6,0.408439746593,0.378496193854,0.0,0.0,0.0,0.316048213518,218.937173511,,
2005-12-27,9.3,1.2,6.3,0.574955196076,0.379407262684,0.0,0.0,4.84130803879,0.333908884094,218.941228017,,
2005-12-28,0.3,1.1,0.0,0.50144995397,0.378890303969,0.0,0.0,0.0,0.351596779491,218.945783386,,
2005-12-29,0.0,0.8,0.0,0.362967679897,0.378516110485,0.0,0.0,0.0,0.369041914586,218.950832126,,
2005-12-30,0.0,0.5,0.0,0.226075230176,0.378283043237,0.0,0.0,0.0,0.386179070011,218.956364889,,
2005-12-31,1.2,0.8,0.0,0.360943477457,0.377910936559,0.0,0.0,0.0,0.402948168536,218.962370621,,
2006-01-01,0.0,1.1,0.0,0.494591792563,0.377401048113,0.0,0.0,0.0,0.419294428464,218.968836717,,
2006-01-02,0.1,1.3,0.0,0.58175567728,0.376801299992,0.0,0.0,0.0,0.435168356038,218.975749169,,
2006-01-03,0.0,1.1,0.0,0.489505958298,0.376296654675,0.0,0.0,0.0,0.45052562522,218.98309272,,
2006-01-04,0.0,1.3,0.0,0.575773546154,0.375703073699,0.0,0.0,0.0,0.465326882234,218.990851004,,
2006-01-05,0.1,1.0,0.0,0.440429473746,0.375249022695,0.0,0.0,0.0,0.479537503272,218.999006685,,
2006-01-06,6.2,0.7,3.2,0.316598309322,0.378221601758,0.0,0.0,0.0,0.493127326658,219.007541585,,
2006-01-07,0.1,0.8,0.0,0.360738672526,0.377849706219,0.0,0.0,0.0,0.506070375012,219.016436804,,
2006-01-08,0.0,0.9,0.0,0.404436398322,0.377432761479,0.0,0.0,0.0,0.518344578481,219.02567283,,
2006-01-09,0.0,1.2,0.0,0.537163807393,0.376878984358,0.0,0.0,0.0,0.529931506565,219.03522965,,
2006-01-10,0.0,1.2,0.0,0.534394921788,0.376328061758,0.0,0.0,0.0,0.540816113372,219.045086839,,
2006-01-11,0.0,1.3,0.0,0.575943667855,0.375734305399,0.0,0.0,0.0,0.550986499055,219.055223658,,
2006-01-12,0.0,1.3,0.0,0.572727487579,0.37514386469,0.0,0.0,0.0,0.56043368868,219.065619134,219.18,
2006-01-13,0.0,1.1,0.0,0.481909379831,0.374647050897,0.0,0.0,0.0,0.569151428647,219.076252138,,
2006-01-14,6.1,1.2,3.1,0.539214635927,0.377287035808,0.0,0.0,0.0,0.577136000005,219.087101458,,
2006-01-15,10.0,0.8,7.0,0.381678435511,0.379606517077,0.0,0.0,4.36842473384,0.584386047529,219.098145867,,
2006-01-16,0.4,0.8,0.0,0.365355056923,0.379229862379,0.0,0.0,0.0,0.590903328082,219.109364213,,
2006-01-17,0.0,0.7,0.0,0.318587098605,0.378901422071,0.0,0.0,0.0,0.596693053936,219.120735514,,
2006-01-18,0.0,0.8,0.0,0.363004740237,0.37852719038,0.0,0.0,0.0,0.601763941813,219.132239064,,
2006-01-19,0.2,1.2,0.0,0.542635951901,0.377967771873,0.0,0.0,0.0,0.606128055431,219.14385452,,
2006-01-20,0.0,1.3,0.0,0.584825430979,0.377364859058,0.0,0.0,0.0,0.609800510345,219.155561998,,
2006-01-21,0.0,1.4,0.0,0.626295011169,0.376719194098,0.0,0.0,0.0,0.612799094304,219.167342141,,
2006-01-22,0.0,0.9,0.0,0.400196977866,0.376306619894,0.0,0.0,0.0,0.615143843684,219.179176189,,
2006-01-23,0.0,1.1,0.0,0.487238674512,0.375804311982,0.0,0.0,0.0,0.616856606265,219.191046023,,
2006-01-24,0.0,1.1,0.0,0.484936429916,0.375304377518,0.0,0.0,0.0,0.617960612349,219.202934211,,
2006-01-25,0.0,1.4,0.0,0.614275535521,0.37467110377,0.0,0.0,0.0,0.618480069638,219.214824033,,
2006-01-26,3.0,1.3,0.0,0.566968478754,0.374086600184,0.0,0.0,0.0,0.618439792099,219.226699492,,
2006-01-27,0.2,0.7,0.0,0.303585917202,0.373773625011,0.0,0.0,0.0,0.617864868957,219.23854533,,
2006-01-28,0.4,1.9,0.0,0.821541198006,0.372926675323,0.0,0.0,0.0,0.616780376873,219.250347021,,
2006-01-29,14.9,0.7,11.9,0.335984589966,0.379653624134,0.0,0.0,5.0388750629,0.615211136009,219.262090763,,
2006-01-30,0.1,1.4,0.0,0.639646140782,0.378994195123,0.0,0.0,0.0,0.613182552873,219.273763497,,
2006-01-31,0.0,1.3,0.0,0.590385223583,0.378385550563,0.0,0.0,0.0,0.610721021958,219.285352932,,
2006-02-01,0.0,1.6,0.0,0.722570337084,0.377640632689,0.0,0.0,0.0,0.607854012804,219.296847575,,
2006-02-02,0.1,1.4,0.0,0.627903690687,0.376993309297,0.0,0.0,0.0,0.604609942006,219.308236758,,
2006-02-03,3.7,0.9,0.7,0.40393109543,0.377298534972,0.0,0.0,0.0,0.60101790742,219.319510658,,
2006-02-04,0.2,1.1,0.0,0.491784951953,0.376791540176,0.0,0.0,0.0,0.597107343628,219.3306603,,
2006-02-05,0.0,1.5,0.0,0.667447126099,0.376103450355,0.0,0.0,0.0,0.592907642954,219.341677563,,
2006-02-06,0.0,1.6,0.0,0.7073563357,0.375374217019,0.0,0.0,0.0,0.588447774465,219.352555159,,
2006-02-07,0.0,1.9,0.0,0.834212551403,0.37451420408,0.0,0.0,0.0,0.583755923843,219.363286616,,
2006-02-08,0.0,1.8,0.0,0.783856530598,0.373706104564,0.0,0.0,0.0,0.578859169554,219.373866242,,
2006-02-09,0.0,1.5,0.0,0.648163153523,0.373037895127,0.0,0.0,0.0,0.573783204815,219.384289085,,
2006-02-10,1.6,1.7,0.0,0.72985175715,0.372285470635,0.0,0.0,0.0,0.568552110378,219.394550888,219.55,
2006-02-11,0.0,1.8,0.0,0.767141029763,0.371494603594,0.0,0.0,0.0,0.563188179694,219.404648033,,
2006-02-12,0.0,2.2,0.0,0.930367199613,0.370535462151,0.0,0.0,0.0,0.557711795519,219.414577492,,
2006-02-13,0.0,1.9,0.0,0.79590574203,0.369714940768,0.0,0.0,0.0,0.552141355202,219.424336762,,
2006-02-14,0.0,1.9,0.0,0.789409947744,0.368901116079,0.0,0.0,0.0,0.54649324067,219.433923813,,
2006-02-15,0.1,1.7,0.0,0.700549572228,0.368178900025,0.0,0.0,0.0,0.540781828361,219.44333703,,
2006-02-16,3.2,1.1,0.2,0.450931642299,0.367920207611,0.0,0.0,0.0,0.535019533927,219.45257515,,
2006-02-17,0.2,1.7,0.0,0.693601470576,0.367205154548,0.0,0.0,0.0,0.529216886391,219.461637216,,
2006-02-18,6.2,1.6,3.2,0.670027490803,0.36981337363,0.0,0.0,0.0,0.523382626508,219.470522519,,
2006-02-19,12.9,1.7,9.9,0.779305210978,0.379196592566,0.0,0.0,0.0189724209879,0.517523824277,219.479230556,,
2006-02-20,1.2,1.5,0.0,0.682478703538,0.378493006274,0.0,0.0,0.0,0.511646014824,219.487760979,,
2006-02-21,0.0,1.8,0.0,0.813697547053,0.377654142823,0.0,0.0,0.0,0.505753342559,219.496113563,,
2006-02-22,0.0,2.2,0.0,0.986829642545,0.376636792676,0.0,0.0,0.0,0.499848710202,219.504288161,,
2006-02-23,0.0,1.3,0.0,0.577615960329,0.376041312305,0.0,0.0,0.0,0.493933929606,219.512284684,,
2006-02-24,0.0,1.7,0.0,0.751125962158,0.375266955643,0.0,0.0,0.0,0.48800987167,219.520103062,,
2006-02-25,5.2,0.7,2.2,0.313643740899,0.377211652817,0.0,0.0,0.0,0.48207661304,219.527743232,,
2006-02-26,0.0,2.1,0.0,0.938101962149,0.376244537392,0.0,0.0,0.0,0.476133577624,219.535205111,,
2006-02-27,0.0,2.1,0.0,0.929639702181,0.375286145947,0.0,0.0,0.0,0.470179671325,219.542488588,,
2006-02-28,0.0,1.8,0.0,0.789646094599,0.374472077808,0.0,0.0,0.0,0.464213408731,219.549593508,,
2006-03-01,0.0,2.4,0.0,1.04472077808,0.373395046078,0.0,0.0,0.0,0.458233030779,219.556519665,,
2006-03-02,0.0,2.2,0.0,0.94778792238,0.372417945127,0.0,0.0,0.0,0.452236612719,219.563266801,,
2006-03-03,1.0,1.2,0.0,0.512089725635,0.371890017575,0.0,0.0,0.0,0.446222161931,219.569834598,,
2006-03-04,20.1,1.1,17.1,0.547794882956,0.379435263007,0.0,0.0,9.23331704748,0.440187705375,219.576222684,,
2006-03-05,0.1,2.7,0.0,1.23114670883,0.378166039596,0.0,0.0,0.0,0.43413327956,219.582430689,,
2006-03-06,0.0,2.1,0.0,0.946452846466,0.377190315012,0.0,0.0,0.0,0.42806202737,219.588458332,,
2006-03-07,0.0,1.1,0.0,0.491288943806,0.376683831565,0.0,0.0,0.0,0.421980639683,219.594305524,,
2006-03-08,0.0,1.1,0.0,0.488967561339,0.376179741295,0.0,0.0,0.0,0.415899331142,219.599972467,,
2006-03-09,0.5,1.5,0.0,0.663623383097,0.375495593478,0.0,0.0,0.0,0.409831499129,219.605459746,,
2006-03-10,0.1,2.5,0.0,1.09891243206,0.374362694063,0.0,0.0,0.0,0.403793181953,219.610768406,,
2006-03-11,0.0,2.5,0.0,1.08711139649,0.373241960665,0.0,0.0,0.0,0.397802405118,219.615900002,,
2006-03-12,0.0,2.9,0.0,1.2475070247,0.371955870949,0.0,0.0,0.0,0.391878482493,219.620856641,,
2006-03-13,0.0,3.6,0.0,1.52933806423,0.370379233769,0.0,0.0,0.0,0.386041321413,219.625640997,,
2006-03-14,0.0,3.6,0.0,1.50568850654,0.368826977577,0.0,0.0,0.0,0.380310766447,219.630256306,,
2006-03-15,0.0,2.4,0.0,0.988269775768,0.367808142756,0.0,0.0,0.0,0.374706005251,219.634706352,,
2006-03-16,0.0,2.0,0.0,0.815067856303,0.366967866616,0.0,0.0,0.0,0.369245051032,219.638995426,,
2006-03-17,12.9,1.3,9.9,0.580526115991,0.376575571651,0.0,0.0,0.0,0.363944309273,219.643128284,,
2006-03-18,17.2,2.0,14.2,1.01012289091,0.378958636195,0.0,0.0,10.8783045014,0.358818231159,219.647110091,,
2006-03-19,6.8,2.2,3.8,1.03469815137,0.378933300875,0.0,0.0,2.78987710909,0.353881305954,219.650946419,,
2006-03-20,14.6,1.8,11.6,0.906690478211,0.379065267548,0.0,0.0,10.5653018486,0.349149672194,219.654643294,,
2006-03-21,8.2,1.8,5.2,0.858195692179,0.379115262173,0.0,0.0,4.29330952179,0.34464396566,219.658207328,,
2006-03-22,0.4,1.9,0.0,0.86382915887,0.378224716648,0.0,0.0,0.0,0.340391381531,219.661645899,,
2006-03-23,10.1,1.9,7.1,0.914725742195,0.379056983771,0.0,0.0,5.37797514895,0.336426146777,219.664967357,,
2006-03-24,0.1,2.7,0.0,1.22689106742,0.377792147619,0.0,0.0,0.0,0.332790016297,219.668181235,,
2006-03-25,0.0,3.0,0.0,1.34740184524,0.376403073552,0.0,0.0,0.0,0.329531552862,219.671298443,,
2006-03-26,0.0,3.6,0.0,1.59604610328,0.374757665198,0.0,0.0,0.0,0.326704627201,219.674331418,,
2006-03-27,0.0,2.5,0.0,1.09122567914,0.373632690271,0.0,0.0,0.0,0.324366472396,219.677294219,,
2006-03-28,0.2,3.0,0.0,1.29540862839,0.372297217458,0.0,0.0,0.0,0.322575543759,219.680202558,,
2006-03-29,0.0,2.8,0.0,1.19346753701,0.371066838554,0.0,0.0,0.0,0.321389368341,219.683073775,,
2006-03-30,0.0,2.8,0.0,1.17911311646,0.369851258022,0.0,0.0,0.0,0.32086251454,219.685926749,,
2006-03-31,0.1,3.4,0.0,1.41455948864,0.36839294927,0.0,0.0,0.0,0.321044769788,219.688781761,,
2006-04-01,0.0,3.2,0.0,1.31190599027,0.367040468868,0.0,0.0,0.0,0.321979580917,219.691660309,,
2006-04-02,0.0,3.7,0.0,1.49604056171,0.365498159011,0.0,0.0,0.0,0.323702786077,219.694584893,,
2006-04-03,0.0,5.0,0.0,1.98954497939,0.363447081712,0.0,0.0,0.0,0.326241647535,219.697578766,,
2006-04-04,0.0,4.0,0.0,1.55745136187,0.361841461752,0.0,0.0,0.0,0.329614180201,219.700665671,,
2006-04-05,2.8,2.6,0.0,0.994949168975,0.360815740959,0.0,0.0,0.0,0.333828760338,219.703869563,,
2006-04-06,1.8,2.0,0.0,0.756797841323,0.360035536999,0.0,0.0,0.0,0.338883991782,219.707214329,,
2006-04-07,0.0,2.4,0.0,0.900355369986,0.359107335586,0.0,0.0,0.0,0.344768802484,219.710723517,,
2006-04-08,0.0,4.0,0.0,1.48512225977,0.35757628171,0.0,0.0,0.0,0.351462741693,219.714420062,,
2006-04-09,0.0,3.3,0.0,1.20417387352,0.356334865346,0.0,0.0,0.0,0.35893644716,219.718326033,,
2006-04-10,0.0,3.3,0.0,1.1871043985,0.355111046378,0.0,0.0,0.0,0.367152252041,219.722462402,,
2006-04-11,6.5,3.4,3.5,1.25685666218,0.357423565283,0.0,0.0,0.0,0.376064902281,219.726848822,,
2006-04-12,0.0,3.3,0.0,1.20207402264,0.356184313713,0.0,0.0,0.0,0.385622357026,219.731503438,,
2006-04-13,0.1,3.5,0.0,1.25685457499,0.354888587348,0.0,0.0,0.0,0.39576664681,219.736442719,,
2006-04-14,9.4,1.8,6.4,0.686148941189,0.360779155449,0.0,0.0,0.0,0.406434766657,219.741681316,,
2006-04-15,0.2,3.3,0.0,1.24821338743,0.359492337524,0.0,0.0,0.0,0.417559583834,219.747231944,,
2006-04-16,0.0,3.2,0.0,1.19323116699,0.358262202301,0.0,0.0,0.0,0.429070742556,219.753105295,,
2006-04-17,0.0,3.5,0.0,1.28715711688,0.356935236201,0.0,0.0,0.0,0.440895550499,219.759309971,,
2006-04-18,0.0,3.4,0.0,1.23158251284,0.355665563507,0.0,0.0,0.0,0.452959834421,219.765852448,,
2006-04-19,0.0,4.0,0.0,1.42775939178,0.354193646608,0.0,0.0,0.0,0.4651887545,219.772737052,,
2006-04-20,0.0,2.9,0.0,1.01733989652,0.353144842591,0.0,0.0,0.0,0.477507569121,219.779965973,,
2006-04-21,1.4,2.2,0.0,0.762161057086,0.352359109543,0.0,0.0,0.0,0.489842343824,219.787539284,,
2006-04-22,4.6,1.9,1.6,0.665068036457,0.353322956928,0.0,0.0,0.0,0.502120599871,219.795454988,,
2006-04-23,0.1,1.9,0.0,0.659640075678,0.352642915613,0.0,0.0,0.0,0.514271899458,219.803709076,,
2006-04-24,0.0,4.2,0.0,1.44625102322,0.351151935176,0.0,0.0,0.0,0.526228366011,219.812295607,,
2006-04-25,0.0,4.6,0.0,1.55541209088,0.349548417557,0.0,0.0,0.0,0.537925139165,219.82120679,,
2006-04-26,0.0,5.0,0.0,1.6572586991,0.347839903434,0.0,0.0,0.0,0.549300765064,219.83043309,,
2006-04-27,0.0,5.0,0.0,1.62166465488,0.346168084202,0.0,0.0,0.0,0.560297523506,219.839963332,,
2006-04-28,0.0,5.1,0.0,1.6185717893,0.344499453492,0.0,0.0,0.0,0.570861694112,219.849784818,,
2006-04-29,0.0,5.1,0.0,1.5831133867,0.342867377835,0.0,0.0,0.0,0.580943764335,219.85988345,,
2006-04-30,0.0,5.1,0.0,1.548431779,0.341271056414,0.0,0.0,0.0,0.590498582511,219.870243857,,
2006-05-01,0.0,4.8,0.0,1.42542112827,0.339801550096,0.0,0.0,0.0,0.599485459542,219.88084952,,
2006-05-02,0.0,4.6,0.0,1.3378630435,0.338422309845,0.0,0.0,0.0,0.607868222999,219.891682906,,
2006-05-03,0.0,3.3,0.0,0.940806760365,0.337452405968,0.0,0.0,0.0,0.615615227598,219.902725598,,
2006-05-04,0.0,3.8,0.0,1.06799642783,0.336351378723,0.0,0.0,0.0,0.622699326074,219.913958423,,
2006-05-05,0.0,4.2,0.0,1.16114912765,0.335154317767,0.0,0.0,0.0,0.629097804491,219.925361582,,
2006-05-06,0.0,4.9,0.0,1.33023398773,0.333782942521,0.0,0.0,0.0,0.634792285962,219.936914769,,
2006-05-07,0.0,4.7,0.0,1.24908262438,0.332495228476,0.0,0.0,0.0,0.639768606678,219.9485973,,
2006-05-08,0.0,4.5,0.0,1.17178553392,0.331287202152,0.0,0.0,0.0,0.644016668012,219.960388224,,
2006-05-09,0.0,5.0,0.0,1.2768167115,0.329970896264,0.0,0.0,0.0,0.647530268296,219.972266435,,
2006-05-10,0.0,5.3,0.0,1.3243572925,0.328605579468,0.0,0.0,0.0,0.650306917681,219.984210781,,
2006-05-11,0.0,5.7,0.0,1.39188251235,0.327170649042,0.0,0.0,0.0,0.652347639322,219.996200162,,
2006-05-12,0.0,5.5,0.0,1.31016070722,0.325819967901,0.0,0.0,0.0,0.653656759867,220.008213625,,
2006-05-13,0.0,5.4,0.0,1.25594927777,0.324525174831,0.0,0.0,0.0,0.654241692041,220.020230452,,
2006-05-14,0.0,5.5,0.0,1.24953525655,0.323236994154,0.0,0.0,0.0,0.6541127119,220.032230241,,
2006-05-15,0.0,5.7,0.0,1.26437861116,0.32193351105,0.0,0.0,0.0,0.653282733063,220.044192984,,
2006-05-16,0.0,5.6,0.0,1.2117819245,0.320684251334,0.0,0.0,0.0,0.651767080048,220.056099131,,
2006-05-17,0.0,5.5,0.0,1.16151409307,0.319486814125,0.0,0.0,0.0,0.649583262613,220.067929653,,
2006-05-18,0.0,6.1,0.0,1.257789859,0.318190123548,0.0,0.0,0.0,0.646750752757,220.079666102,,
2006-05-19,0.0,6.7,0.0,1.34530761572,0.316803208481,0.0,0.0,0.0,0.6432907659,220.091290654,,
2006-05-20,0.0,5.8,0.0,1.13107753828,0.315637149163,0.0,0.0,0.0,0.639226047489,220.102786155,,
2006-05-21,0.0,5.8,0.0,1.10289777143,0.314500141151,0.0,0.0,0.0,0.634580666159,220.114136157,,
2006-05-22,0.0,5.6,0.0,1.03833662686,0.31342969102,0.0,0.0,0.0,0.629379814376,220.125324953,,
2006-05-23,0.1,5.9,0.0,1.06764657091,0.312329024452,0.0,0.0,0.0,0.623649617328,220.136337597,,
2006-05-24,0.0,6.0,0.0,1.05822561131,0.311238070214,0.0,0.0,0.0,0.617416950684,220.147159928,,
2006-05-25,0.0,6.3,0.0,1.08249934311,0.31012209151,0.0,0.0,0.0,0.610709267717,220.157778587,,
2006-05-26,0.0,6.3,0.0,1.05320490213,0.30903631326,0.0,0.0,0.0,0.603554436145,220.168181023,,
2006-05-27,0.0,6.9,0.0,1.12229400622,0.30787930913,0.0,0.0,0.0,0.595980584931,220.178355505,,
2006-05-28,0.0,7.4,0.0,1.16794536484,0.306675241743,0.0,0.0,0.0,0.588015961186,220.188291122,,
2006-05-29,0.0,7.3,0.0,1.11553860303,0.305525201946,0.0,0.0,0.0,0.579688797236,220.19797778,,
2006-05-30,0.0,5.8,0.0,0.858525713706,0.304640123891,0.0,0.0,0.0,0.5710271878,220.2074062,,
2006-05-31,0.1,2.8,0.0,0.404134778729,0.304223490099,0.0,0.0,0.0,0.562058977193,220.21656791,,
2006-06-01,0.0,3.6,0.0,0.513352351479,0.30369426087,0.0,0.0,0.0,0.552811656367,220.225455231,,
2006-06-02,0.0,6.0,0.0,0.842356521756,0.302825852085,0.0,0.0,0.0,0.543312269587,220.234061267,,
2006-06-03,0.0,6.9,0.0,0.943743247442,0.301852920902,0.0,0.0,0.0,0.533587330449,220.242379884,,
2006-06-04,0.0,7.5,0.0,0.995403778188,0.30082673144,0.0,0.0,0.0,0.523662746948,220.250405699,,
2006-06-05,0.0,7.5,0.0,0.963335357499,0.299833602205,0.0,0.0,0.0,0.513563755244,220.258134054,,
2006-06-06,0.0,7.4,0.0,0.919869401334,0.298885283235,0.0,0.0,0.0,0.503314861757,220.265560997,,
2006-06-07,0.0,7.2,0.0,0.866558497049,0.29799192396,0.0,0.0,0.0,0.49293979321,220.272683256,,
2006-06-08,0.0,6.8,0.0,0.793104512191,0.297174290442,0.0,0.0,0.0,0.482461454203,220.279498221,,
2006-06-09,0.0,5.9,0.0,0.668034640031,0.296485594937,0.0,0.0,0.0,0.471901891917,220.286003912,,
2006-06-10,0.0,6.0,0.0,0.662139873419,0.295802976511,0.0,0.0,0.0,0.461282267518,220.292198957,,
2006-06-11,0.0,6.7,0.0,0.720333094253,0.295060365073,0.0,0.0,0.0,0.450622833839,220.298082563,,
2006-06-12,0.1,6.1,0.0,0.63695094561,0.294403714614,0.0,0.0,0.0,0.439942918925,220.303654491,,
2006-06-13,0.0,4.1,0.0,0.416896791319,0.293973924107,0.0,0.0,0.0,0.42926091501,220.308915028,,
2006-06-14,25.4,4.9,22.4,0.96094528042,0.316076042375,0.0,0.0,0.0,0.418594272535,220.313864959,,
2006-06-15,1.0,4.5,0.0,0.863925794529,0.315185397226,0.0,0.0,0.0,0.407959498777,220.318505539,,
2006-06-16,5.7,3.7,2.7,0.739520578366,0.317206510032,0.0,0.0,0.0,0.397372160722,220.322838467,,
2006-06-17,0.1,4.7,0.0,0.924460821454,0.316253457638,0.0,0.0,0.0,0.386846891791,220.32686586,,
2006-06-18,0.0,4.9,0.0,0.944341426785,0.315279909776,0.0,0.0,0.0,0.376397402051,220.33059022,,
2006-06-19,0.0,6.6,0.0,1.24519751883,0.313996200993,0.0,0.0,0.0,0.366036491567,220.334014417,,
2006-06-20,0.0,6.6,0.0,1.20989552732,0.312748886017,0.0,0.0,0.0,0.355776066545,220.337141653,,
2006-06-21,0.0,6.8,0.0,1.21121843714,0.311500207216,0.0,0.0,0.0,0.345627157968,220.339975446,,
2006-06-22,0.0,7.0,0.0,1.21042271046,0.310252348751,0.0,0.0,0.0,0.335599942397,220.342519599,,
2006-06-23,0.0,7.8,0.0,1.30820133442,0.308903687582,0.0,0.0,0.0,0.325703764667,220.344778177,,
2006-06-24,0.0,6.7,0.0,1.08606127832,0.307784036779,0.0,0.0,0.0,0.315947162199,220.346755485,,
2006-06-25,0.0,5.8,0.0,0.913114222168,0.306842681911,0.0,0.0,0.0,0.306337890677,220.348456046,,
2006-06-26,0.0,6.0,0.0,0.921067047779,0.305893128254,0.0,0.0,0.0,0.296882950852,220.349884576,,
2006-06-27,0.0,5.6,0.0,0.837506325919,0.30502971967,0.0,0.0,0.0,0.28758861625,220.351045966,,
2006-06-28,0.0,5.8,0.0,0.846551558698,0.304156986105,0.0,0.0,0.0,0.278460461592,220.351945261,,
2006-06-29,0.0,6.3,0.0,0.896620885245,0.303232634676,0.0,0.0,0.0,0.269503391708,220.352587641,,
2006-06-30,0.0,6.5,0.0,0.900050522488,0.30230474754,0.0,0.0,0.0,0.260721670808,220.352978401,,
2006-07-01,0.0,5.7,0.0,0.767237754073,0.301513780783,0.0,0.0,0.0,0.252118951915,220.353122935,,
2006-07-02,0.0,5.8,0.0,0.761583035592,0.300728643633,0.0,0.0,0.0,0.243698306344,220.353026718,,
2006-07-03,0.0,5.5,0.0,0.704198083257,0.300002666228,0.0,0.0,0.0,0.235462253073,220.352695293,,
2006-07-04,0.0,5.7,0.0,0.712563322906,0.299268064864,0.0,0.0,0.0,0.227412787896,220.352134251,,
2006-07-05,0.0,6.9,0.0,0.841456864834,0.29840058356,0.0,0.0,0.0,0.219551412255,220.351349221,,
2006-07-06,0.0,7.1,0.0,0.840183930312,0.29753441456,0.0,0.0,0.0,0.211879161646,220.350345857,,
2006-07-07,0.0,6.9,0.0,0.791614418586,0.296718317221,0.0,0.0,0.0,0.20439663352,220.349129821,,
2006-07-08,0.0,7.4,0.0,0.823814780974,0.295869023632,0.0,0.0,0.0,0.197104014604,220.347706775,,
2006-07-09,0.0,7.3,0.0,0.786849468811,0.295057838613,0.0,0.0,0.0,0.190001107581,220.346082371,,
2006-07-10,0.0,5.4,0.0,0.563801368787,0.294476600088,0.0,0.0,0.0,0.183087357064,220.344262236,,
2006-07-11,0.0,7.2,0.0,0.734298002647,0.293719591838,0.0,0.0,0.0,0.176361874825,220.342251966,,
2006-07-12,0.0,7.9,0.0,0.780769898003,0.292914674417,0.0,0.0,0.0,0.16982346424,220.340057118,,
2006-07-13,0.0,7.2,0.0,0.687440232523,0.292205973147,0.0,0.0,0.0,0.163470643917,220.3376832,,
2006-07-14,0.0,7.8,0.0,0.721694127271,0.291461958583,0.0,0.0,0.0,0.157301670473,220.335135663,,
2006-07-15,0.0,7.7,0.0,0.688571171192,0.290752091396,0.0,0.0,0.0,0.151314560454,220.332419897,,
2006-07-16,0.0,7.8,0.0,0.674442970364,0.290056789365,0.0,0.0,0.0,0.145507111386,220.329541221,,
2006-07-17,0.0,8.7,0.0,0.727058614463,0.289307244401,0.0,0.0,0.0,0.139876921928,220.326504881,,
2006-07-18,2.0,5.9,0.0,0.474636424861,0.288817928499,0.0,0.0,0.0,0.134421411147,220.323316043,,
2006-07-19,0.0,6.6,0.0,0.517493033729,0.288284430526,0.0,0.0,0.0,0.129137836911,220.319979788,,
2006-07-20,0.0,6.7,0.0,0.510440352193,0.287758203359,0.0,0.0,0.0,0.124023313387,220.316501112,,
2006-07-21,0.0,7.2,0.0,0.532746100773,0.287208980575,0.0,0.0,0.0,0.119074827675,220.312884915,,
2006-07-22,0.0,7.5,0.0,0.537780642962,0.286654567541,0.0,0.0,0.0,0.114289255583,220.309136006,,
2006-07-23,0.0,7.1,0.0,0.492697623082,0.286146631847,0.0,0.0,0.0,0.109663376539,220.305259094,,
2006-07-24,0.0,7.3,0.0,0.491126718677,0.285640315642,0.0,0.0,0.0,0.105193887685,220.30125879,,
2006-07-25,0.0,7.1,0.0,0.462692671079,0.285163312888,0.0,0.0,0.0,0.100877417151,220.297139604,,
2006-07-26,0.0,7.4,0.0,0.467535480726,0.284681317547,0.0,0.0,0.0,0.0967105365314,220.29290594,,
2006-07-27,0.0,7.4,0.0,0.452673957713,0.284214643364,0.0,0.0,0.0,0.0926897725957,220.288562102,,
2006-07-28,0.0,7.3,0.0,0.432362068996,0.283768909272,0.0,0.0,0.0,0.0888116182429,220.284112285,,
2006-07-29,0.0,7.3,0.0,0.418804323705,0.283337152238,0.0,0.0,0.0,0.0850725427332,220.279560582,,
2006-07-30,0.0,7.6,0.0,0.422343154195,0.282901746924,0.0,0.0,0.0,0.0814690012169,220.274910979,,
2006-07-31,0.0,7.8,0.0,0.419306775035,0.282469471898,0.0,0.0,0.0,0.0779974435864,220.270167354,,
2006-08-01,0.0,7.6,0.0,0.394866610114,0.282062392919,0.0,0.0,0.0,0.0746543226786,220.265333482,,
2006-08-02,0.0,7.2,0.0,0.361871787565,0.28168932922,0.0,0.0,0.0,0.0714361018504,220.260413031,,
2006-08-03,0.0,7.2,0.0,0.350679876609,0.281327803574,0.0,0.0,0.0,0.0683392619574,220.255409567,,
2006-08-04,0.0,6.7,0.0,0.31623451645,0.281001788609,0.0,0.0,0.0,0.0653603077582,220.25032655,,
2006-08-05,0.0,7.3,0.0,0.334637736854,0.280656801251,0.0,0.0,0.0,0.0624957737724,220.245167336,,
2006-08-06,0.0,7.5,0.0,0.333025039104,0.280313476469,0.0,0.0,0.0,0.059742229618,220.239935182,,
2006-08-07,0.0,8.0,0.0,0.343782548958,0.27995906147,0.0,0.0,0.0,0.0570962848522,220.234633243,,
2006-08-08,0.0,7.1,0.0,0.294622235149,0.279655327207,0.0,0.0,0.0,0.0545545933423,220.229264575,,
2006-08-09,0.0,7.4,0.0,0.297705922209,0.279348413885,0.0,0.0,0.0,0.0521138571907,220.223832138,,
2006-08-10,0.0,7.3,0.0,0.284347589,0.279055272041,0.0,0.0,0.0,0.0497708302371,220.218338792,,
2006-08-11,0.0,7.5,0.0,0.282977251268,0.278763542916,0.0,0.0,0.0,0.0475223211637,220.212787308,,
2006-08-12,0.0,8.0,0.0,0.292118097186,0.278462390238,0.0,0.0,0.0,0.0453651962238,220.207180359,,
2006-08-13,0.0,6.9,0.0,0.243293719344,0.278211571971,0.0,0.0,0.0,0.0432963816181,220.201520532,,
2006-08-14,0.0,6.2,0.0,0.21213227591,0.277992878903,0.0,0.0,0.0,0.0413128655385,220.195810321,,
2006-08-15,0.0,5.6,0.0,0.186500507731,0.277800610338,0.0,0.0,0.0,0.0394116999016,220.190052136,,
2006-08-16,0.4,4.6,0.0,0.149511698146,0.277646474567,0.0,0.0,0.0,0.0375900017919,220.1842483,,
2006-08-17,5.3,5.0,2.3,0.208700178904,0.279802453764,0.0,0.0,0.0,0.0358449546329,220.178401055,,
2006-08-18,2.2,4.0,0.0,0.163374229397,0.279634026723,0.0,0.0,0.0,0.0341738091063,220.172512559,,
2006-08-19,0.0,4.6,0.0,0.184652178861,0.279443663652,0.0,0.0,0.0,0.032573883836,220.166584894,,
2006-08-20,0.0,6.0,0.0,0.236091591305,0.279200270259,0.0,0.0,0.0,0.0310425658548,220.160620064,,
2006-08-21,0.0,6.5,0.0,0.249173986184,0.278943389861,0.0,0.0,0.0,0.0295773108697,220.154619996,,
2006-08-22,0.0,7.1,0.0,0.264575283387,0.278670631837,0.0,0.0,0.0,0.0281756433419,220.148586548,,
2006-08-23,0.0,7.6,0.0,0.274570008167,0.278387569973,0.0,0.0,0.0,0.0268351563953,220.142521504,,
2006-08-24,0.0,7.3,0.0,0.255121920005,0.278124557684,0.0,0.0,0.0,0.0255535115697,220.13642658,,
2006-08-25,0.0,7.6,0.0,0.257277659996,0.277859322983,0.0,0.0,0.0,0.0243284384297,220.130303427,,
2006-08-26,0.0,7.5,0.0,0.245603843221,0.277606123145,0.0,0.0,0.0,0.0231577340443,220.124153628,,
2006-08-27,0.0,6.7,0.0,0.212337604456,0.277387218398,0.0,0.0,0.0,0.0220392623473,220.117978706,,
2006-08-28,0.0,6.8,0.0,0.209304521272,0.277171440541,0.0,0.0,0.0,0.0209709533921,220.111780122,,
2006-08-29,0.0,6.6,0.0,0.197214614874,0.276968126505,0.0,0.0,0.0,0.0199508025091,220.105559278,,
2006-08-30,0.0,6.3,0.0,0.182913320754,0.276779556071,0.0,0.0,0.0,0.0189768693781,220.09931752,,
2006-08-31,0.0,7.4,0.0,0.209036312193,0.276564054718,0.0,0.0,0.0,0.0180472770242,220.093056137,,
2006-09-01,0.0,6.4,0.0,0.175041459156,0.276383599606,0.0,0.0,0.0,0.017160210746,220.086776366,,
2006-09-02,0.0,6.4,0.0,0.170229322822,0.276208105459,0.0,0.0,0.0,0.0163139169847,220.080479393,,
2006-09-03,0.0,6.0,0.0,0.155202636465,0.276048102741,0.0,0.0,0.0,0.015506702143,220.074166354,,
2006-09-04,0.0,6.5,0.0,0.163802782558,0.275879233893,0.0,0.0,0.0,0.0147369313587,220.067838335,,
2006-09-05,0.0,6.7,0.0,0.164128612835,0.275710029137,0.0,0.0,0.0,0.0140030272423,220.061496379,,
2006-09-06,0.0,6.3,0.0,0.149888264849,0.275555505153,0.0,0.0,0.0,0.0133034685838,220.055141482,,
2006-09-07,0.0,6.0,0.0,0.138887628818,0.27541232203,0.0,0.0,0.0,0.0126367890343,220.048774598,,
2006-09-08,0.0,5.6,0.0,0.126287514038,0.275282128717,0.0,0.0,0.0,0.012001575769,220.04239664,,
2006-09-09,0.0,6.3,0.0,0.138655878815,0.275139184512,0.0,0.0,0.0,0.0113964681355,220.036008479,,
2006-09-10,0.2,6.1,0.0,0.130620939675,0.275004523749,0.0,0.0,0.0,0.0108201562925,220.02961095,,
2006-09-11,0.0,4.1,0.0,0.0854939473832,0.274916385659,0.0,0.0,0.0,0.0102713798434,220.023204851,,
2006-09-12,0.0,4.8,0.0,0.0983277131834,0.274815016883,0.0,0.0,0.0,0.00974892646836,220.016790941,,
2006-09-13,1.6,3.8,0.0,0.0762377673093,0.274736421246,0.0,0.0,0.0,0.00925163055918,220.010369951,,
2006-09-14,0.1,4.4,0.0,0.0868343895154,0.274646901257,0.0,0.0,0.0,0.00877837185871,220.003942572,,
2006-09-15,0.0,4.3,0.0,0.0832569808564,0.274561069318,0.0,0.0,0.0,0.00832807410954,219.99750947,,
2006-09-16,0.0,4.7,0.0,0.0893209408123,0.274468985874,0.0,0.0,0.0,0.0078997037136,219.991071276,,
2006-09-17,0.0,4.7,0.0,0.0875176400313,0.274378761503,0.0,0.0,0.0,0.0074922684054,219.984628595,,
2006-09-18,0.0,5.1,0.0,0.0930486819339,0.274282835027,0.0,0.0,0.0,0.00710481594114,219.978182003,,
2006-09-19,0.0,4.7,0.0,0.0838721859366,0.274196368855,0.0,0.0,0.0,0.0067364328055,219.971732048,,
2006-09-20,0.0,5.1,0.0,0.089172838179,0.274104438094,0.0,0.0,0.0,0.00638624293804,219.965279254,,
2006-09-21,30.0,2.8,27.0,0.372627379143,0.301555337704,0.0,0.0,0.0,0.00605340648052,219.95882412,,
2006-09-22,0.0,3.9,0.0,0.512774237684,0.301026704469,0.0,0.0,0.0,0.00573711854667,219.952367122,,
2006-09-23,0.8,3.8,0.0,0.491256154091,0.300520254825,0.0,0.0,0.0,0.00543660801542,219.945908713,,
2006-09-24,0.3,3.5,0.0,0.445087049538,0.300061402197,0.0,0.0,0.0,0.00515113634868,219.939449323,,
2006-09-25,1.3,2.7,0.0,0.338190774717,0.299712751914,0.0,0.0,0.0,0.00487999643443,219.932989363,,
2006-09-26,0.1,3.9,0.0,0.482832218601,0.29921498674,0.0,0.0,0.0,0.00462251145598,219.926529225,,
2006-09-27,0.0,3.6,0.0,0.438224801101,0.298763208595,0.0,0.0,0.0,0.00437803378768,219.920069279,,
2006-09-28,0.6,2.7,0.0,0.323586096689,0.29842961468,0.0,0.0,0.0,0.00414594391783,219.91360988,,
2006-09-29,0.0,2.3,0.0,0.272450474021,0.298148737903,0.0,0.0,0.0,0.00392564939892,219.907151363,,
2006-09-30,0.0,2.9,0.0,0.340130582996,0.297798087818,0.0,0.0,0.0,0.00371658382552,219.90069405,,
2006-10-01,0.1,3.6,0.0,0.416971317264,0.29736822048,0.0,0.0,0.0,0.00351820583989,219.894238243,,
2006-10-02,0.1,4.1,0.0,0.467540433203,0.296886220034,0.0,0.0,0.0,0.00332999816544,219.887784233,,
2006-10-03,0.1,3.8,0.0,0.425698483865,0.296447355617,0.0,0.0,0.0,0.00315146666795,219.881332292,,
2006-10-04,0.0,3.1,0.0,0.341611676723,0.296095178631,0.0,0.0,0.0,0.00298213944445,219.874882682,,
2006-10-05,0.0,3.5,0.0,0.380554688368,0.29570285421,0.0,0.0,0.0,0.00282156593958,219.868435651,,
2006-10-06,0.0,2.9,0.0,0.310576155037,0.295382672607,0.0,0.0,0.0,0.00266931608936,219.861991433,,
2006-10-07,0.0,5.02,0.0,0.530920902026,0.294835331471,0.0,0.0,0.0,0.00252497949174,219.855550252,,
2006-10-08,0.0,5.59,0.0,0.578456262172,0.294238984809,0.0,0.0,0.0,0.00238816460406,219.849112318,,
2006-10-09,0.0,3.7,0.0,0.373684349134,0.293853743212,0.0,0.0,0.0,0.00225849796668,219.842677833,,
2006-10-10,0.0,2.6,0.0,0.258415551459,0.293587335427,0.0,0.0,0.0,0.00213562345251,219.836246986,,
2006-10-11,2.9,1.8,0.0,0.1769050157,0.293404959122,0.0,0.0,0.0,0.00201920154214,219.829819959,,
2006-10-12,0.0,3.3,0.0,0.321818187924,0.293073187794,0.0,0.0,0.0,0.00190890862382,219.823396922,,
2006-10-13,0.1,3.1,0.0,0.298028675673,0.292765941737,0.0,0.0,0.0,0.00180443631805,219.816978036,,
2006-10-14,0.0,3.4,0.0,0.322517507935,0.29243344946,0.0,0.0,0.0,0.00170549082619,219.810563455,,
2006-10-15,0.0,2.9,0.0,0.271070847646,0.292153994978,0.0,0.0,0.0,0.00161179230247,219.804153325,,
2006-10-16,5.6,2.0,2.6,0.206953394578,0.294621053334,0.0,0.0,0.0,0.00152307424905,219.797747782,,
2006-10-17,2.2,2.4,0.0,0.246210533344,0.294367228042,0.0,0.0,0.0,0.00143908293336,219.791346957,,
2006-10-18,10.2,2.8,7.2,0.370882265304,0.301407555604,0.0,0.0,0.0,0.00135957682733,219.784950972,,
2006-10-19,1.0,1.8,0.0,0.235556667029,0.301164713679,0.0,0.0,0.0,0.0012843260679,219.778559943,,
2006-10-20,32.2,1.1,29.2,0.28081077962,0.330978310813,0.0,0.0,0.0,0.00121311193812,219.772173982,,
2006-10-21,0.7,1.8,0.0,0.457337331101,0.330506829029,0.0,0.0,0.0,0.0011457263685,219.76579319,,
2006-10-22,18.3,1.9,15.3,0.603883530499,0.345657464564,0.0,0.0,0.0,0.00108197145774,219.759417667,,
2006-10-23,33.6,1.9,30.6,0.848697195843,0.376328910754,0.0,0.0,0.0,0.00102165901255,219.753047504,,
2006-10-24,5.6,1.5,2.6,0.681308269534,0.378306943466,0.0,0.0,0.0,0.000964610105783,219.746682789,,
2006-10-25,33.7,2.4,30.7,1.39956428002,0.378557150227,0.0,0.0,29.0577351621,0.000910654652436,219.740323605,,
2006-10-26,13.1,1.9,10.1,0.941842044106,0.379029028821,0.0,0.0,8.70043571998,0.000865651074346,219.7339702,,
2006-10-27,0.0,2.6,0.0,1.18114781222,0.377811350664,0.0,0.0,0.0,0.000846530010397,219.727623309,,
2006-10-28,0.0,3.2,0.0,1.43748467551,0.376329407699,0.0,0.0,0.0,0.000883475670726,219.721284525,,
2006-10-29,0.0,2.7,0.0,1.19620583662,0.375096205806,0.0,0.0,0.0,0.00102006342538,219.714956687,,
2006-10-30,0.0,2.3,0.0,1.0071719723,0.374057884185,0.0,0.0,0.0,0.00131199938359,219.708644221,,
2006-10-31,0.2,1.6,0.0,0.693719227899,0.373342709723,0.0,0.0,0.0,0.00182496530986,219.702353425,,
2006-11-01,0.1,1.4,0.0,0.602832473384,0.372721232946,0.0,0.0,0.0,0.00263195550462,219.696092675,,
2006-11-02,27.6,1.6,24.6,0.853880384591,0.379119710944,0.0,0.0,17.539595958,0.00381039718932,219.689872552,,
2006-11-03,35.3,1.7,32.3,1.00879898345,0.378960001048,0.0,0.0,31.4461196154,0.00544290278982,219.683705983,,
2006-11-04,1.2,1.6,0.0,0.726400006987,0.378211135061,0.0,0.0,0.0,0.0076230109428,219.677608554,,
2006-11-05,65.2,1.6,62.2,1.14889897601,0.378815568066,0.0,0.0,60.4648010096,0.0104569497562,219.67159887,,
2006-11-06,0.1,1.3,0.0,0.589417660357,0.378207920993,0.0,0.0,0.0,0.0140751827941,219.665699242,,
2006-11-07,6.1,1.0,3.1,0.464182488675,0.379521461352,0.0,0.0,1.36168336363,0.018636390289,219.659936489,,
2006-11-08,0.2,1.3,0.0,0.593241248989,0.378909872435,0.0,0.0,0.0,0.0243264621093,219.654342712,,
2006-11-09,0.0,1.9,0.0,0.86220315678,0.378021003202,0.0,0.0,0.0,0.0313538836764,219.648955934,,
2006-11-10,0.0,2.4,0.0,1.08021003202,0.376907384612,0.0,0.0,0.0,0.0399429326049,219.643820543,,
2006-11-11,0.0,2.2,0.0,0.979984358942,0.375897091458,0.0,0.0,0.0,0.0503257617389,219.638987511,,
2006-11-12,0.0,2.0,0.0,0.882475762153,0.374987322631,0.0,0.0,0.0,0.0627341670934,219.634514374,,
2006-11-13,0.0,1.6,0.0,0.699915484209,0.374265760277,0.0,0.0,0.0,0.0773916163743,219.630464991,,
2006-11-14,0.0,1.8,0.0,0.781993202074,0.373459581718,0.0,0.0,0.0,0.0945059361979,219.626909089,,
2006-11-15,7.3,0.9,4.3,0.404597142782,0.377475460952,0.0,0.0,0.0,0.114262916153,219.623921622,,
2006-11-16,3.2,1.3,0.2,0.583275585311,0.377080331483,0.0,0.0,0.0,0.136820978924,219.621581991,,
2006-11-17,0.0,1.8,0.0,0.803102486119,0.376252390775,0.0,0.0,0.0,0.162306982271,219.619973131,,
2006-11-18,0.0,1.5,0.0,0.664077442345,0.375567774855,0.0,0.0,0.0,0.190813156084,219.619180521,,
2006-11-19,0.0,1.4,0.0,0.615812019989,0.374932917103,0.0,0.0,0.0,0.222395132055,219.619291134,,
2006-11-20,0.2,1.2,0.0,0.524664585513,0.374392025777,0.0,0.0,0.0,0.257070991425,219.620392362,,
2006-11-21,0.2,1.1,0.0,0.47846345148,0.373898764487,0.0,0.0,0.0,0.294821235071,219.622570946,,
2006-11-22,0.0,1.1,0.0,0.476202670567,0.373407833899,0.0,0.0,0.0,0.335589567472,219.625911918,,
2006-11-23,1.7,1.4,0.0,0.603212364411,0.372785965482,0.0,0.0,0.0,0.379284380124,219.630497602,,
2006-11-24,13.1,1.4,10.1,0.660323630261,0.379319253989,0.0,0.0,3.10238651764,0.42578081899,219.636406659,,
2006-11-25,3.1,1.4,0.1,0.638297022842,0.378764308605,0.0,0.0,0.0,0.474923966173,219.643713241,,
2006-11-26,0.0,1.4,0.0,0.634458466863,0.378110227711,0.0,0.0,0.0,0.526532089492,219.652486223,,
2006-11-27,0.0,1.4,0.0,0.630642994983,0.377460080294,0.0,0.0,0.0,0.580399940379,219.662788538,,
2006-11-28,4.1,1.1,1.1,0.497722962515,0.378080984456,0.0,0.0,0.0,0.636302072885,219.67467661,,
2006-11-29,0.0,1.1,0.0,0.495371178758,0.377570292519,0.0,0.0,0.0,0.693996152485,219.688199875,,
2006-11-30,0.1,1.2,0.0,0.537851462597,0.377015806475,0.0,0.0,0.0,0.753226221911,219.703400403,,
2006-12-01,0.0,1.3,0.0,0.579668951742,0.376418209618,0.0,0.0,0.0,0.813725891818,219.720312602,,
2006-12-02,14.0,0.7,11.0,0.343462046094,0.379645915416,0.0,0.0,7.52566332944,0.875221426034,219.738963026,,
2006-12-03,0.3,0.7,0.0,0.319800586631,0.37931622409,0.0,0.0,0.0,0.937436253254,219.759370293,,
2006-12-04,0.2,0.6,0.0,0.273290560225,0.379034481244,0.0,0.0,0.0,1.00009460269,219.781545124,,
2006-12-05,14.2,1.2,11.2,0.602904364985,0.379378449108,0.0,0.0,10.2634468071,1.06292443755,219.805490455,,
2006-12-06,0.0,1.3,0.0,0.592466599336,0.3787676588,0.0,0.0,0.0,1.12566195092,219.83120168,,
2006-12-07,2.6,0.8,0.0,0.362558862666,0.378393886776,0.0,0.0,0.0,1.18805462551,219.858666985,,
2006-12-08,12.6,1.4,9.6,0.690029631625,0.379288629246,0.0,0.0,8.04207017301,1.24986320753,219.887867732,,
2006-12-09,0.0,1.4,0.0,0.637517003934,0.378631395221,0.0,0.0,0.0,1.31086453839,219.918778929,,
2006-12-10,0.0,1.5,0.0,0.678946220132,0.377931450664,0.0,0.0,0.0,1.37085302686,219.951369738,,
2006-12-11,0.0,1.4,0.0,0.629600128875,0.377282378366,0.0,0.0,0.0,1.4296411384,219.985603994,,
2006-12-12,0.0,1.1,0.0,0.491710900846,0.376775459912,0.0,0.0,0.0,1.48705919609,220.021440729,,
2006-12-13,0.0,1.5,0.0,0.66734662445,0.376087473701,0.0,0.0,0.0,1.5429547214,220.05883466,,
2006-12-14,0.0,1.4,0.0,0.61884359659,0.375449490612,0.0,0.0,0.0,1.59719148865,220.097736664,,
2006-12-15,0.0,1.4,0.0,0.615122028569,0.374815344191,0.0,0.0,0.0,1.64964842342,220.138094213,,
2006-12-16,0.0,1.3,0.0,0.567749781033,0.374230035138,0.0,0.0,0.0,1.70021844047,220.179851778,220.5,
2006-12-17,0.0,1.1,0.0,0.477720994383,0.373737539268,0.0,0.0,0.0,1.74880728886,220.222951199,,
2006-12-18,0.0,1.2,0.0,0.518687696338,0.373202809684,0.0,0.0,0.0,1.79533245046,220.267332021,,
2006-12-19,0.1,1.1,0.0,0.473012877717,0.372715167542,0.0,0.0,0.0,1.83972212118,220.312931808,,
2006-12-20,0.0,1.1,0.0,0.470777851233,0.372229829551,0.0,0.0,0.0,1.88191429142,220.359686419,,
2006-12-21,0.0,1.3,0.0,0.553744910067,0.371658958509,0.0,0.0,0.0,1.92185593269,220.407530271,,
2006-12-22,0.0,1.0,0.0,0.42357899379,0.371222279134,0.0,0.0,0.0,1.95950229039,220.456396572,,
2006-12-23,0.0,1.1,0.0,0.463935446033,0.370743995169,0.0,0.0,0.0,1.9948162777,220.506217549,,
2006-12-24,0.0,1.0,0.0,0.419766646539,0.370311246049,0.0,0.0,0.0,2.02776796243,220.556924646,,
2006-12-25,0.0,1.4,0.0,0.585148935288,0.369707999724,0.0,0.0,0.0,2.05833413659,220.608448721,,
2006-12-26,0.0,1.4,0.0,0.581629998392,0.369108381169,0.0,0.0,0.0,2.0864979573,220.660720227,,
2006-12-27,0.0,1.1,0.0,0.454246747026,0.368640085554,0.0,0.0,0.0,2.11224864748,220.713669388,,
2006-12-28,0.0,1.3,0.0,0.534300463416,0.368089260334,0.0,0.0,0.0,2.13558124512,220.767226363,,
2006-12-29,0.0,1.1,0.0,0.44957577653,0.367625780152,0.0,0.0,0.0,2.15649639025,220.821321405,,
2006-12-30,0.0,1.1,0.0,0.447451492362,0.367164489953,0.0,0.0,0.0,2.17500013984,220.87588502,,
2006-12-31,0.0,1.3,0.0,0.526307653914,0.366621904743,0.0,0.0,0.0,2.19110380189,220.930848114,,
2007-01-01,0.1,1.2,0.0,0.483109523716,0.366123853688,0.0,0.0,0.0,2.20482378107,220.986142136,,
2007-01-02,0.1,1.1,0.0,0.440567662736,0.365669660221,0.0,0.0,0.0,2.21618142935,221.041699226,,
2007-01-03,0.0,1.4,0.0,0.558073017956,0.365094327213,0.0,0.0,0.0,2.22520289623,221.097452341,,
2007-01-04,0.1,1.0,0.0,0.396226363387,0.364685846426,0.0,0.0,0.0,2.23191897443,221.153335396,,
2007-01-05,0.2,0.8,0.0,0.315619488086,0.36436046551,0.0,0.0,0.0,2.23636493767,221.209283387,,
2007-01-06,0.4,0.8,0.0,0.314534885034,0.364036202742,0.0,0.0,0.0,2.23858036809,221.265232511,,
2007-01-07,0.3,0.6,0.0,0.235090506856,0.363793841395,0.0,0.0,0.0,2.23860897198,221.321120287,,
2007-01-08,0.2,0.8,0.0,0.312646137983,0.363471525789,0.0,0.0,0.0,2.23649838289,221.376885663,,
2007-01-09,0.0,1.2,0.0,0.467357628944,0.3629897138,0.0,0.0,0.0,2.23229995186,221.432469122,,
2007-01-10,0.0,1.2,0.0,0.464948569001,0.362510385379,0.0,0.0,0.0,2.22606852536,221.487812781,,
2007-01-11,0.0,1.6,0.0,0.616735902524,0.36187457517,0.0,0.0,0.0,2.2178622114,221.54286048,,
2007-01-12,0.0,1.5,0.0,0.574216094811,0.361282599814,0.0,0.0,0.0,2.2077421352,221.597557871,,
2007-01-13,0.0,1.3,0.0,0.494447415661,0.360772860211,0.0,0.0,0.0,2.19577218568,221.651852488,,
2007-01-14,0.0,1.1,0.0,0.416042275965,0.360343950648,0.0,0.0,0.0,2.18201875433,221.705693823,,
2007-01-15,0.8,0.9,0.0,0.338789814929,0.359994682797,0.0,0.0,0.0,2.16655046837,221.759033383,,
2007-01-16,0.2,1.1,0.0,0.412475629487,0.35956945019,0.0,0.0,0.0,2.1494379198,221.811824747,,
2007-01-17,0.3,1.4,0.0,0.522488459439,0.359030802293,0.0,0.0,0.0,2.13075339224,221.86402361,,
2007-01-18,0.0,1.5,0.0,0.556442514332,0.358457150217,0.0,0.0,0.0,2.11057058753,221.915587822,,
2007-01-19,0.0,1.9,0.0,0.700285772548,0.357735206121,0.0,0.0,0.0,2.08896435361,221.966477421,,
2007-01-20,0.0,1.3,0.0,0.47523236649,0.357245275846,0.0,0.0,0.0,2.06601041561,222.016654648,,
2007-01-21,0.1,1.4,0.0,0.508930775771,0.356720604944,0.0,0.0,0.0,2.04178511166,222.066083972,,
2007-01-22,2.2,1.2,0.0,0.433603024718,0.356273591516,0.0,0.0,0.0,2.01636513488,222.114732088,,
2007-01-23,0.9,1.2,0.0,0.43136795758,0.355828882281,0.0,0.0,0.0,1.98982728304,222.162567928,,
2007-01-24,0.2,1.4,0.0,0.500668479975,0.355312729209,0.0,0.0,0.0,1.96224821693,222.209562642,,
2007-01-25,0.5,1.6,0.0,0.568751528062,0.354726387428,0.0,0.0,0.0,1.93370422875,222.255689598,,
2007-01-26,0.0,1.4,0.0,0.494237259995,0.354216864479,0.0,0.0,0.0,1.90427102125,222.300924353,,
2007-01-27,0.0,1.2,0.0,0.421084322397,0.35378275693,0.0,0.0,0.0,1.87402349856,222.345244633,,
2007-01-28,7.7,0.9,4.7,0.332355441582,0.358285483279,0.0,0.0,0.0,1.84303556927,222.388630298,,
2007-01-29,1.1,0.8,0.0,0.294284944264,0.357982096739,0.0,0.0,0.0,1.81137996237,222.431063311,,
2007-01-30,3.4,1.0,0.4,0.368310282804,0.35801476655,0.0,0.0,0.0,1.77912805636,222.472527693,,
2007-01-31,0.0,1.0,0.0,0.36672819396,0.357636696247,0.0,0.0,0.0,1.74634972175,222.513009479,,
2007-02-01,0.1,1.79,0.0,0.653623692845,0.356962857389,0.0,0.0,0.0,1.71311317725,222.552496671,,
2007-02-02,2.2,1.61,0.0,0.583375834983,0.356361439002,0.0,0.0,0.0,1.67948485952,222.590979178,,
2007-02-03,0.8,1.26,0.0,0.453397554761,0.355894018843,0.0,0.0,0.0,1.64552930646,222.628448769,,
2007-02-04,0.2,2.14,0.0,0.76588833468,0.35510444324,0.0,0.0,0.0,1.61130905393,222.664899005,,
2007-02-05,0.0,2.24,0.0,0.794308136905,0.354285568872,0.0,0.0,0.0,1.57688454563,222.700325184,,
2007-02-06,0.0,2.51,0.0,0.881486574452,0.353376819826,0.0,0.0,0.0,1.54231405574,222.734724272,,
2007-02-07,10.7,1.34,7.7,0.509841883204,0.360789353967,0.0,0.0,0.0,1.50765362416,222.76809484,,
2007-02-08,16.9,1.4,13.9,0.6131956301,0.374487090431,0.0,0.0,0.0,1.4729570036,222.800436999,,
2007-02-09,1.0,2.87,0.0,1.2494914564,0.373198954909,0.0,0.0,0.0,1.4382756184,222.831752324,,
2007-02-10,0.8,1.79,0.0,0.769692205362,0.37240545779,0.0,0.0,0.0,1.40365853425,222.862043796,,
2007-02-11,2.1,1.0,0.0,0.426689407458,0.371965571803,0.0,0.0,0.0,1.36915243844,222.891315722,,
2007-02-12,6.6,1.14,3.6,0.501965332043,0.375159421976,0.0,0.0,0.0,1.33480163004,222.919573671,,
2007-02-13,0.7,1.32,0.0,0.578376820868,0.374563157212,0.0,0.0,0.0,1.30064801936,222.946824406,,
2007-02-14,1.1,3.08,0.0,1.34189385089,0.37317976149,0.0,0.0,0.0,1.26673113616,222.973075808,,
2007-02-15,0.0,1.45,0.0,0.623377725667,0.372537104041,0.0,0.0,0.0,1.23308814591,222.998336814,,
2007-02-16,5.3,1.54,2.3,0.673161194226,0.374214257449,0.0,0.0,0.0,1.19975387364,223.022617344,,
2007-02-17,7.0,1.79,4.0,0.808020683883,0.377504957774,0.0,0.0,0.0,1.16676083459,223.045928237,,
2007-02-18,0.0,2.34,0.0,1.0481733383,0.376424366704,0.0,0.0,0.0,1.13413927116,223.068281185,,
2007-02-19,0.9,1.1,0.0,0.487778347393,0.375921502428,0.0,0.0,0.0,1.10191719566,223.089688665,,
2007-02-20,3.0,1.4,0.0,0.617875430832,0.375284517448,0.0,0.0,0.0,1.07012043803,223.110163881,,
2007-02-21,0.0,1.6,0.0,0.701896782987,0.374560912517,0.0,0.0,0.0,1.03877269825,223.129720697,,
2007-02-22,3.7,1.7,0.7,0.745751480846,0.374513746042,0.0,0.0,0.0,1.00789560274,223.14837358,,
2007-02-23,0.5,1.5,0.0,0.653210912763,0.37384033273,0.0,0.0,0.0,0.977508764228,223.166137542,,
2007-02-24,0.2,1.8,0.0,0.778802495475,0.373037443559,0.0,0.0,0.0,0.947629844692,223.183028083,,
2007-02-25,2.7,1.4,0.0,0.601051754096,0.372417802576,0.0,0.0,0.0,0.91827462079,223.199061136,,
2007-02-26,0.2,2.4,0.0,1.02417802576,0.371361948941,0.0,0.0,0.0,0.889457051402,223.214253016,,
2007-02-27,0.1,2.3,0.0,0.971385344018,0.370360520751,0.0,0.0,0.0,0.861189346822,223.228620367,,
2007-02-28,0.3,1.7,0.0,0.710887021988,0.369627647533,0.0,0.0,0.0,0.833482039216,223.242180117,,
2007-03-01,0.0,2.0,0.0,0.830230396106,0.368771739908,0.0,0.0,0.0,0.80634405397,223.254949429,,
2007-03-02,0.1,2.0,0.0,0.823097832566,0.367923185441,0.0,0.0,0.0,0.779782781567,223.26694566,,
2007-03-03,0.1,2.6,0.0,1.06083450895,0.366829541618,0.0,0.0,0.0,0.753804149691,223.278186316,,
2007-03-04,0.6,1.6,0.0,0.645530277451,0.366164046486,0.0,0.0,0.0,0.728412695238,223.288689011,,
2007-03-05,0.2,2.3,0.0,0.92157211216,0.365213972144,0.0,0.0,0.0,0.703611635968,223.298471435,,
2007-03-06,0.7,1.7,0.0,0.674432302685,0.36451868111,0.0,0.0,0.0,0.679402941556,223.307551313,,
2007-03-07,1.5,2.3,0.0,0.905804027305,0.363584862525,0.0,0.0,0.0,0.655787403795,223.315946372,,
2007-03-08,0.0,3.2,0.0,1.247798167,0.362298472662,0.0,0.0,0.0,0.632764705759,223.323674312,,
2007-03-09,0.0,3.0,0.0,1.15373090828,0.361109059355,0.0,0.0,0.0,0.610333489742,223.330752774,,
2007-03-10,0.0,4.3,0.0,1.63237064677,0.359426203018,0.0,0.0,0.0,0.588491423798,223.337199311,,
2007-03-11,0.0,4.0,0.0,1.49043671697,0.35788967032,0.0,0.0,0.0,0.567235266748,223.343031367,,
2007-03-12,0.0,2.5,0.0,0.915517399168,0.35694583795,0.0,0.0,0.0,0.54656093153,223.348266248,,
2007-03-13,0.0,3.4,0.0,1.23173270429,0.35567601042,0.0,0.0,0.0,0.526463546763,223.352921101,222.25,
2007-03-14,0.0,3.3,0.0,1.17804514327,0.35446153089,0.0,0.0,0.0,0.506937516471,223.357012895,,
2007-03-15,0.0,3.0,0.0,1.05576913613,0.353373109101,0.0,0.0,0.0,0.487976577847,223.360558402,,
2007-03-16,0.0,3.3,0.0,1.14638025013,0.352191273791,0.0,0.0,0.0,0.469573857028,223.363574178,,
2007-03-17,0.0,3.7,0.0,1.26711547095,0.350884969182,0.0,0.0,0.0,0.45172192282,223.366076547,,
2007-03-18,0.0,3.4,0.0,1.14587039675,0.349703659495,0.0,0.0,0.0,0.43441283834,223.368081591,,
2007-03-19,0.0,2.6,0.0,0.863456311192,0.348813498349,0.0,0.0,0.0,0.417638210542,223.369605132,,
2007-03-20,0.0,3.3,0.0,1.0836856023,0.347696296697,0.0,0.0,0.0,0.401389237634,223.370662723,,
2007-03-21,0.0,3.3,0.0,1.06832407959,0.346594931667,0.0,0.0,0.0,0.385656754358,223.37126964,,
2007-03-22,0.0,3.2,0.0,1.02126575556,0.345542080372,0.0,0.0,0.0,0.370431275163,223.371440869,,
2007-03-23,0.0,2.9,0.0,0.912800137832,0.344601049302,0.0,0.0,0.0,0.35570303526,223.371191101,,
2007-03-24,0.0,3.2,0.0,0.994680657365,0.343575605326,0.0,0.0,0.0,0.341462029604,223.370534724,,
2007-03-25,0.7,2.2,0.0,0.674443048819,0.342880303214,0.0,0.0,0.0,0.327698049813,223.36948582,,
2007-03-26,0.7,1.9,0.0,0.576969067107,0.342285489742,0.0,0.0,0.0,0.314400719064,223.368058158,,
2007-03-27,0.0,3.3,0.0,0.993925483957,0.341260824295,0.0,0.0,0.0,0.301559525005,223.366265191,,
2007-03-28,1.1,3.3,0.0,0.979836334055,0.340250683744,0.0,0.0,0.0,0.289163850729,223.364120054,,
2007-03-29,0.0,3.5,0.0,1.02448913794,0.339194509375,0.0,0.0,0.0,0.27720300385,223.361635562,,
2007-03-30,0.0,3.5,0.0,1.00908659506,0.338154213917,0.0,0.0,0.0,0.265666243737,223.358824209,,
2007-03-31,2.4,2.4,0.0,0.681542139165,0.337451593155,0.0,0.0,0.0,0.254542806957,223.355698167,,
2007-04-01,4.4,2.6,1.4,0.746361331339,0.338125447452,0.0,0.0,0.0,0.243821930985,223.352269288,,
2007-04-02,0.2,2.6,0.0,0.738025680731,0.337364596235,0.0,0.0,0.0,0.233492876239,223.348549102,,
2007-04-03,2.8,2.5,0.0,0.701714544113,0.336641179179,0.0,0.0,0.0,0.223544946493,223.344548824,,
2007-04-04,0.0,3.2,0.0,0.888549055721,0.335725149225,0.0,0.0,0.0,0.21396750774,223.340279349,,
2007-04-05,0.0,3.1,0.0,0.848949844153,0.3348499432,0.0,0.0,0.0,0.20475000555,223.335751261,,
2007-04-06,0.3,2.7,0.0,0.729561860998,0.33409781757,0.0,0.0,0.0,0.195881981,223.330974833,,
2007-04-07,0.0,3.1,0.0,0.827930143611,0.333244281339,0.0,0.0,0.0,0.187353085235,223.325960028,,
2007-04-08,0.0,2.6,0.0,0.685146381177,0.332537944864,0.0,0.0,0.0,0.179153092702,223.32071651,,
2007-04-09,0.1,2.8,0.0,0.729609356746,0.331785770269,0.0,0.0,0.0,0.171271913151,223.315253642,,
2007-04-10,2.7,2.0,0.0,0.514881418911,0.331254964683,0.0,0.0,0.0,0.163699602438,223.309580491,,
2007-04-11,13.7,1.4,10.7,0.421667706354,0.341851183542,0.0,0.0,0.0,0.156426372193,223.303705838,,
2007-04-12,0.0,3.6,0.0,1.07776775313,0.340740082766,0.0,0.0,0.0,0.149442598426,223.297638175,,
2007-04-13,0.0,3.8,0.0,1.12005131046,0.339585390693,0.0,0.0,0.0,0.142738829108,223.291385719,,
2007-04-14,0.0,3.8,0.0,1.10176868598,0.338449546687,0.0,0.0,0.0,0.136305790805,223.284956408,,
2007-04-15,0.0,4.0,0.0,1.14082577812,0.337273437637,0.0,0.0,0.0,0.130134394399,223.278357915,,
2007-04-16,0.0,4.9,0.0,1.37349935176,0.335857458924,0.0,0.0,0.0,0.124215739965,223.27159765,,
2007-04-17,0.0,5.6,0.0,1.53667404157,0.334273258881,0.0,0.0,0.0,0.118541120845,223.264682764,,
2007-04-18,0.0,4.3,0.0,1.15156255496,0.33308608099,0.0,0.0,0.0,0.113102026978,223.257620158,,
2007-04-19,12.3,3.7,9.3,1.12038636028,0.341518672371,0.0,0.0,0.0,0.10789014753,223.250416489,,
2007-04-20,4.3,1.8,1.3,0.546441589173,0.342295536712,0.0,0.0,0.0,0.102897372871,223.243078174,,
2007-04-21,0.1,4.0,0.0,1.20492561187,0.34105334536,0.0,0.0,0.0,0.0981157959421,223.235611395,,
2007-04-22,0.0,4.9,0.0,1.45067246776,0.339557806733,0.0,0.0,0.0,0.0935377130617,223.228022111,,
2007-04-23,0.0,4.9,0.0,1.42013855413,0.338093746368,0.0,0.0,0.0,0.0891556242095,223.220316057,,
2007-04-24,0.0,3.8,0.0,1.07815098416,0.336982250508,0.0,0.0,0.0,0.0849622328248,223.212498753,,
2007-04-25,12.0,3.0,9.0,0.953257512792,0.345277861319,0.0,0.0,0.0,0.0809504451629,223.204575513,,
2007-04-26,0.0,4.0,0.0,1.25463102199,0.343984427276,0.0,0.0,0.0,0.077113369242,223.196551446,,
2007-04-27,0.0,3.5,0.0,1.07893956444,0.342872118447,0.0,0.0,0.0,0.073444313417,223.188431465,,
2007-04-28,0.0,4.0,0.0,1.21453530745,0.341620020192,0.0,0.0,0.0,0.0699367846121,223.18022029,,
2007-04-29,0.0,4.4,0.0,1.31303370352,0.340266377198,0.0,0.0,0.0,0.0665844862448,223.17192246,,
2007-04-30,2.2,3.6,0.0,1.05399565798,0.339179783737,0.0,0.0,0.0,0.0633813158696,223.163542329,,
2007-05-01,0.7,3.6,0.0,1.03769675605,0.338109993266,0.0,0.0,0.0,0.0603213625694,223.155084083,,
2007-05-02,34.5,2.2,31.5,0.922022017314,0.369633681908,0.0,0.0,0.0,0.0573989041229,223.146551736,,
2007-05-03,0.0,3.1,0.0,1.28693505798,0.368306944735,0.0,0.0,0.0,0.054608403971,223.137949141,,
2007-05-04,0.0,2.5,0.0,1.02403067433,0.367251243009,0.0,0.0,0.0,0.051944508006,223.129279993,,
2007-05-05,0.2,4.3,0.0,1.74241810391,0.365454935685,0.0,0.0,0.0,0.0494020412069,223.120547836,,
2007-05-06,0.0,5.1,0.0,2.02841738332,0.363363783744,0.0,0.0,0.0,0.0469760041405,223.111756065,,
2007-05-07,0.0,4.7,0.0,1.82837409832,0.361478861993,0.0,0.0,0.0,0.0446615693476,223.102907936,,
2007-05-08,0.0,5.0,0.0,1.90580962486,0.359514109803,0.0,0.0,0.0,0.0424540776334,223.094006568,,
2007-05-09,0.0,6.1,0.0,2.27515029081,0.357168594039,0.0,0.0,0.0,0.0403490342777,223.085054946,,
2007-05-10,0.0,5.6,0.0,2.03393386091,0.355071755007,0.0,0.0,0.0,0.0383421051819,223.076055929,,
2007-05-11,0.0,4.7,0.0,1.66598853555,0.353354241053,0.0,0.0,0.0,0.0364291129664,223.067012254,,
2007-05-12,0.0,4.7,0.0,1.63235388728,0.351671401994,0.0,0.0,0.0,0.0346060330328,223.05792654,,
2007-05-13,0.2,4.3,0.0,1.46327928572,0.350162866648,0.0,0.0,0.0,0.0328689896027,223.048801291,,
2007-05-14,0.1,4.3,0.0,1.43625136077,0.348682195142,0.0,0.0,0.0,0.0312142517451,223.039638903,,
2007-05-15,0.0,5.3,0.0,1.73756514271,0.346890890871,0.0,0.0,0.0,0.029638229403,223.030441667,,
2007-05-16,0.0,5.6,0.0,1.79412078699,0.345041281812,0.0,0.0,0.0,0.0281374694284,223.02121177,,
2007-05-17,0.0,6.8,0.0,2.12616965134,0.342849354336,0.0,0.0,0.0,0.0267086516357,223.011951306,,
2007-05-18,0.0,6.9,0.0,2.09441893717,0.340690159556,0.0,0.0,0.0,0.0253485848802,223.002662272,,
2007-05-19,0.0,6.6,0.0,1.94397938779,0.338686057094,0.0,0.0,0.0,0.0240542031707,222.993346577,,
2007-05-20,0.0,3.7,0.0,1.05891004687,0.337594397252,0.0,0.0,0.0,0.0228225618208,222.984006043,,
2007-05-21,0.0,4.5,0.0,1.26739494848,0.336287804522,0.0,0.0,0.0,0.0216508336475,222.974642409,,
2007-05-22,8.6,2.8,5.6,0.84071167131,0.341194287335,0.0,0.0,0.0,0.0205363052197,222.965257336,,
2007-05-23,3.2,4.1,0.2,1.21975807874,0.340142990346,0.0,0.0,0.0,0.0194763731639,222.955852406,,
2007-05-24,0.0,3.4,0.0,0.993692363241,0.33911856523,0.0,0.0,0.0,0.018468540529,222.946429132,,
2007-05-25,0.7,3.7,0.0,1.06557788062,0.338020031332,0.0,0.0,0.0,0.0175104132163,222.936988953,,
2007-05-26,4.5,3.1,1.5,0.898566298177,0.338640066076,0.0,0.0,0.0,0.0165996964757,222.927533242,,
2007-05-27,0.0,4.1,0.0,1.1726011288,0.337431198933,0.0,0.0,0.0,0.0157341914726,222.918063309,,
2007-05-28,0.0,4.9,0.0,1.37672031155,0.336011899643,0.0,0.0,0.0,0.0149117919267,222.908580401,,
2007-05-29,0.0,5.3,0.0,1.45776278378,0.334509051412,0.0,0.0,0.0,0.0141304808253,222.899085706,,
2007-05-30,0.0,4.8,0.0,1.29018102824,0.333178967878,0.0,0.0,0.0,0.0133883272129,222.889580357,,
2007-05-31,0.0,4.7,0.0,1.23725478761,0.331903447478,0.0,0.0,0.0,0.0126834830574,222.880065431,,
2007-06-01,0.0,5.4,0.0,1.39282756826,0.330467542769,0.0,0.0,0.0,0.0120141801947,222.870541953,,
2007-06-02,0.0,6.1,0.0,1.53688337871,0.328883126914,0.0,0.0,0.0,0.0113787273529,222.861010902,,
2007-06-03,0.0,6.1,0.0,1.49661280908,0.327340227111,0.0,0.0,0.0,0.0107755072544,222.851473206,,
2007-06-04,0.8,6.6,0.0,1.57685624556,0.325714602116,0.0,0.0,0.0,0.0102029737989,222.84192975,,
2007-06-05,0.0,7.1,0.0,1.64822364593,0.324015402481,0.0,0.0,0.0,0.00965964932486,222.832381373,,
2007-06-06,0.0,7.0,0.0,1.57544923903,0.322391228008,0.0,0.0,0.0,0.00914412195051,222.822828877,,
2007-06-07,0.0,6.0,0.0,1.30978070019,0.321040938626,0.0,0.0,0.0,0.00865504299375,222.81327302,,
2007-06-08,0.0,3.6,0.0,0.76561407939,0.320251645761,0.0,0.0,0.0,0.00819112446997,222.803714527,,
2007-06-09,0.0,5.4,0.0,1.13066202961,0.319086014802,0.0,0.0,0.0,0.00775113666747,222.794154083,,
2007-06-10,0.0,4.7,0.0,0.961267789878,0.318095017081,0.0,0.0,0.0,0.00733390579937,222.784592341,,
2007-06-11,0.0,5.4,0.0,1.08213788432,0.316979411014,0.0,0.0,0.0,0.00693831173108,222.77502992,,
2007-06-12,0.0,5.8,0.0,1.13533576618,0.315808961771,0.0,0.0,0.0,0.0065632857823,222.765467409,,
2007-06-13,0.0,4.8,0.0,0.916179235419,0.314864447095,0.0,0.0,0.0,0.00620780860224,222.755905367,,
2007-06-14,1.6,3.3,0.0,0.61688614756,0.314228481995,0.0,0.0,0.0,0.00587090811685,222.746344324,,
2007-06-15,12.1,2.8,9.1,0.625449128426,0.322965132378,0.0,0.0,0.0,0.00555165754665,222.736784782,,
2007-06-16,9.9,2.3,6.9,0.575752621713,0.329484975036,0.0,0.0,0.0,0.00524917349388,222.72722722,,
2007-06-17,9.2,5.0,6.2,1.37243182527,0.334461849443,0.0,0.0,0.0,0.00496261409734,222.71767209,,
2007-06-18,0.0,4.7,0.0,1.26237788492,0.333160428943,0.0,0.0,0.0,0.00469117725354,222.708119821,,
2007-06-19,0.2,3.8,0.0,1.00004012493,0.332129459742,0.0,0.0,0.0,0.00443409890253,222.698570821,,
2007-06-20,0.1,4.7,0.0,1.21670191994,0.330875127866,0.0,0.0,0.0,0.00419065137692,222.689025475,,
2007-06-21,0.0,5.1,0.0,1.29359646714,0.32954152326,0.0,0.0,0.0,0.00396014181243,222.679484149,,
2007-06-22,0.0,6.1,0.0,1.51334704953,0.327981371663,0.0,0.0,0.0,0.0037419106184,222.66994719,,
2007-06-23,0.0,6.7,0.0,1.61864662559,0.326312663801,0.0,0.0,0.0,0.00353533000661,222.660414924,,
2007-06-24,0.0,6.4,0.0,1.5016710347,0.324764549333,0.0,0.0,0.0,0.00333980257687,222.650887664,,
2007-06-25,0.0,5.3,0.0,1.20938379776,0.323517761912,0.0,0.0,0.0,0.00315475995759,222.641365703,,
2007-06-26,0.0,6.5,0.0,1.44943938512,0.322023494505,0.0,0.0,0.0,0.00297966149993,222.631849318,,
2007-06-27,0.0,6.5,0.0,1.40896964284,0.320570948481,0.0,0.0,0.0,0.0028139930238,222.622338774,,
2007-06-28,0.0,6.7,0.0,1.41177231177,0.319115513108,0.0,0.0,0.0,0.00265726561401,222.61283432,,
2007-06-29,0.0,6.8,0.0,1.39160620474,0.317680867537,0.0,0.0,0.0,0.00250901446531,222.60333619,,
2007-06-30,0.0,6.7,0.0,1.3310908854,0.316308608892,0.0,0.0,0.0,0.00236879777436,222.593844608,,
2007-07-01,0.0,6.2,0.0,1.1963057297,0.315075304016,0.0,0.0,0.0,0.00223619567741,222.584359783,,
2007-07-02,0.0,6.5,0.0,1.22078948376,0.313816758156,0.0,0.0,0.0,0.00211080923204,222.574881914,,
2007-07-03,0.0,6.5,0.0,1.18670386673,0.312593352108,0.0,0.0,0.0,0.0019922594414,222.565411189,,
2007-07-04,0.0,7.6,0.0,1.34878948342,0.311202847486,0.0,0.0,0.0,0.00188018631964,222.555947785,,
2007-07-05,0.0,7.3,0.0,1.2532532777,0.309910833798,0.0,0.0,0.0,0.00177424799696,222.546491869,,
2007-07-06,0.0,7.4,0.0,1.23058404209,0.308642190455,0.0,0.0,0.0,0.00167411986299,222.537043599,,
2007-07-07,0.0,7.6,0.0,1.22366936442,0.307380675647,0.0,0.0,0.0,0.00157949374698,222.527603124,,
2007-07-08,0.0,7.5,0.0,1.16814611396,0.306176401302,0.0,0.0,0.0,0.00149007713358,222.518170583,,
2007-07-09,0.0,7.9,0.0,1.19080654287,0.304948765691,0.0,0.0,0.0,0.0014055924128,222.508746109,,
2007-07-10,0.0,7.1,0.0,1.03390098503,0.303882888387,0.0,0.0,0.0,0.00132577616302,222.499329825,,
2007-07-11,0.0,7.5,0.0,1.05884026209,0.302791300488,0.0,0.0,0.0,0.00125037846556,222.489921851,,
2007-07-12,0.0,7.4,0.0,1.01106509838,0.301748965335,0.0,0.0,0.0,0.00117916224984,222.480522295,,
2007-07-13,0.0,7.7,0.0,1.01861263783,0.300698849213,0.0,0.0,0.0,0.00111190266776,222.471131261,,
2007-07-14,0.0,7.3,0.0,0.933756663576,0.299736213478,0.0,0.0,0.0,0.00104838649635,222.461748847,,
2007-07-15,0.0,6.2,0.0,0.768185514844,0.298944269648,0.0,0.0,0.0,0.000988411567342,222.452375144,,
2007-07-16,0.0,5.9,0.0,0.711546628849,0.298210716422,0.0,0.0,0.0,0.000931786222748,222.443010238,,
2007-07-17,0.0,6.3,0.0,0.74053130609,0.297447282086,0.0,0.0,0.0,0.000878328795393,222.433654211,,
2007-07-18,0.0,7.2,0.0,0.823418462589,0.296598397073,0.0,0.0,0.0,0.000827867113291,222.424307137,,
2007-07-19,0.0,6.5,0.0,0.720373254069,0.295855744234,0.0,0.0,0.0,0.000780238026975,222.414969089,,
2007-07-20,0.0,6.5,0.0,0.700259739673,0.295133826977,0.0,0.0,0.0,0.000735286958783,222.405640131,,
2007-07-21,0.0,6.7,0.0,0.701652669765,0.294410473709,0.0,0.0,0.0,0.000692867473206,222.396320327,,
2007-07-22,0.0,6.4,0.0,0.65094596557,0.293739395394,0.0,0.0,0.0,0.0006528408674,222.387009735,,
2007-07-23,0.0,4.2,0.0,0.415439419392,0.293311107333,0.0,0.0,0.0,0.000615075781007,222.377708409,,
2007-07-24,0.0,6.5,0.0,0.631342490259,0.292660238786,0.0,0.0,0.0,0.000579447824469,222.3684164,222.22,
2007-07-25,0.0,6.7,0.0,0.632598332775,0.292008075556,0.0,0.0,0.0,0.000545839225023,222.359133755,,
2007-07-26,0.0,7.2,0.0,0.660242266689,0.291327413426,0.0,0.0,0.0,0.000514138489635,222.349860518,,
2007-07-27,0.0,7.4,0.0,0.657595247292,0.290649480181,0.0,0.0,0.0,0.000484240084098,222.34059673,,
2007-07-28,0.0,6.9,0.0,0.593672555206,0.290037446619,0.0,0.0,0.0,0.000456044127624,222.331342431,,
2007-07-29,0.0,7.2,0.0,0.60112339857,0.289417731775,0.0,0.0,0.0,0.000429456102209,222.322097654,,
2007-07-30,0.0,7.9,0.0,0.639167004264,0.288758796719,0.0,0.0,0.0,0.000404386576136,222.312862432,,
2007-07-31,0.0,8.0,0.0,0.625293223972,0.28811416453,0.0,0.0,0.0,0.000380750940973,222.303636797,,
2007-08-01,0.0,6.5,0.0,0.490591956007,0.287608399626,0.0,0.0,0.0,0.000358469161462,222.294420776,,
2007-08-02,0.0,6.3,0.0,0.462220490193,0.287131883657,0.0,0.0,0.0,0.000337465537709,222.285214395,,
2007-08-03,0.0,7.4,0.0,0.528233079428,0.286587313472,0.0,0.0,0.0,0.00031766847912,222.276017677,,
2007-08-04,0.0,7.5,0.0,0.518353546005,0.286052928373,0.0,0.0,0.0,0.00029901028954,222.266830645,,
2007-08-05,0.0,6.5,0.0,0.434766810107,0.285604715167,0.0,0.0,0.0,0.000281426963086,222.257653319,,
2007-08-06,0.0,5.4,0.0,0.351106091255,0.285242750124,0.0,0.0,0.0,0.000264857990163,222.248485716,,
2007-08-07,0.0,6.2,0.0,0.393771044879,0.284836800594,0.0,0.0,0.0,0.000249246173212,222.239327853,,
2007-08-08,0.0,5.8,0.0,0.358556014344,0.284467155218,0.0,0.0,0.0,0.000234537451707,222.230179745,,
2007-08-09,0.0,6.7,0.0,0.403874749834,0.284050789496,0.0,0.0,0.0,0.000220680735992,222.221041406,,
2007-08-10,0.0,6.6,0.0,0.386396711153,0.283652442372,0.0,0.0,0.0,0.000207627749516,222.211912848,,
2007-08-11,0.0,6.1,0.0,0.346999576944,0.283294710849,0.0,0.0,0.0,0.000195332879093,222.202794081,,
2007-08-12,0.0,6.1,0.0,0.337907234077,0.282946352876,0.0,0.0,0.0,0.000183753032776,222.193685116,,
2007-08-13,0.0,5.4,0.0,0.291292939702,0.282646050876,0.0,0.0,0.0,0.000172847505003,222.18458596,,
2007-08-14,0.0,5.9,0.0,0.310882084034,0.282325553882,0.0,0.0,0.0,0.000162577848653,222.17549662,222.07,
2007-08-15,0.0,5.2,0.0,0.267053667446,0.282050240823,0.0,0.0,0.0,0.000152907753679,222.166417104,222.05988,
2007-08-16,0.0,6.5,0.0,0.326360688953,0.281713786504,0.0,0.0,0.0,0.000143802932002,222.157347416,222.0548,
2007-08-17,0.0,6.2,0.0,0.302606151363,0.2814018214,0.0,0.0,0.0,0.00013523100836,222.14828756,222.04972,
2007-08-18,0.0,6.9,0.0,0.327802365247,0.281063880817,0.0,0.0,0.0,0.000127161416817,222.139237541,222.04464,
2007-08-19,0.0,7.0,0.0,0.322696523834,0.280731203988,0.0,0.0,0.0,0.000119565302657,222.130197359,222.03956,
2007-08-20,0.0,6.6,0.0,0.295108109683,0.280426968824,0.0,0.0,0.0,0.000112415429395,222.121167019,222.03956,
2007-08-21,0.0,6.8,0.0,0.295430783342,0.280122401006,0.0,0.0,0.0,0.000105686090656,222.112146519,222.0294,
2007-08-22,0.0,5.9,0.0,0.248842358063,0.279865862492,0.0,0.0,0.0,9.9353026674e-05,222.103135862,222.0294,
2007-08-23,0.0,5.8,0.0,0.238425010235,0.279620063513,0.0,0.0,0.0,9.33933451824e-05,222.094135046,222.00908,
2007-08-24,0.0,6.3,0.0,0.252526667213,0.279359726743,0.0,0.0,0.0,8.77854464801e-05,222.085144071,221.99892,
2007-08-25,12.0,3.2,9.0,0.248507696774,0.288381883756,0.0,0.0,0.0,8.25089524567e-05,222.076162935,221.99892,
2007-08-26,0.0,4.1,0.0,0.314023847502,0.288058147831,0.0,0.0,0.0,7.75446393812e-05,222.067191636,221.9786,
2007-08-27,0.0,5.5,0.0,0.413832554459,0.287631516331,0.0,0.0,0.0,7.28743742633e-05,222.058230172,221.97352,
2007-08-28,0.0,5.8,0.0,0.426094978011,0.287192243158,0.0,0.0,0.0,6.84810546045e-05,222.049278539,221.96844,
2007-08-29,0.0,4.6,0.0,0.329517993867,0.286852533886,0.0,0.0,0.0,6.43485513677e-05,222.040336735,221.96336,
2007-08-30,0.0,4.9,0.0,0.344072566844,0.2864978199,0.0,0.0,0.0,6.04616549999e-05,222.031404755,221.94812,
2007-08-31,0.0,5.5,0.0,0.378075039371,0.286108051818,0.0,0.0,0.0,5.6806024352e-05,222.022482595,221.94812,
2007-09-01,0.0,5.8,0.0,0.389277918935,0.285706734376,0.0,0.0,0.0,5.33681383459e-05,222.01357025,221.93796,
2007-09-02,0.0,6.0,0.0,0.392668359395,0.285301921634,0.0,0.0,0.0,5.01352502481e-05,222.004667716,221.9278,
2007-09-03,0.0,5.9,0.0,0.376172240173,0.284914115201,0.0,0.0,0.0,4.70953444145e-05,221.995774986,221.91764,
2007-09-04,0.0,5.3,0.0,0.329353377355,0.284574575637,0.0,0.0,0.0,4.42370953774e-05,221.986892056,221.90748,
2007-09-05,0.0,5.8,0.0,0.35221891122,0.284211463357,0.0,0.0,0.0,4.15498291543e-05,221.978018918,221.90748,
2007-09-06,0.0,5.4,0.0,0.319757925534,0.283881816011,0.0,0.0,0.0,3.90234866614e-05,221.969155568,221.89732,
2007-09-07,0.0,5.2,0.0,0.300772680242,0.283571741083,0.0,0.0,0.0,3.66485891211e-05,221.960301998,221.877,
2007-09-08,0.0,3.4,0.0,0.19226633201,0.28337352837,0.0,0.0,0.0,3.44162053607e-05,221.951458201,221.877,
2007-09-09,0.0,3.4,0.0,0.18945831857,0.283178210515,0.0,0.0,0.0,3.2317920901e-05,221.942624171,221.87192,
2007-09-10,7.0,4.0,4.0,0.288365364261,0.287004637975,0.0,0.0,0.0,3.03458087408e-05,221.9337999,221.86684,
2007-09-11,1.2,3.4,0.0,0.240899037979,0.286756288451,0.0,0.0,0.0,2.8492401748e-05,221.924985381,221.85668,
2007-09-12,3.6,2.8,0.6,0.202706526777,0.287165869352,0.0,0.0,0.0,2.67506665716e-05,221.916180606,221.84652,
2007-09-13,1.1,3.1,0.0,0.221725812457,0.28693728604,0.0,0.0,0.0,2.51139789936e-05,221.907385567,221.84144,
2007-09-14,0.0,4.1,0.0,0.289345303179,0.286638991913,0.0,0.0,0.0,2.35761006447e-05,221.898600257,221.8262,
2007-09-15,2.0,3.6,0.0,0.249584878691,0.286381687914,0.0,0.0,0.0,2.21311570094e-05,221.889824666,221.82112,
2007-09-16,0.0,3.8,0.0,0.259376725306,0.286114289228,0.0,0.0,0.0,2.07736166536e-05,221.881058788,221.81604,
2007-09-17,0.0,2.9,0.0,0.194714328174,0.285913552807,0.0,0.0,0.0,1.9498271607e-05,221.872302613,221.80588,
2007-09-18,0.0,3.1,0.0,0.205550057096,0.285701645532,0.0,0.0,0.0,1.83002188389e-05,221.863556133,221.79572,
2007-09-19,0.0,3.7,0.0,0.242067035286,0.285452091887,0.0,0.0,0.0,1.71748427687e-05,221.854819339,221.78556,
2007-09-20,0.1,3.5,0.0,0.225343006692,0.285219779509,0.0,0.0,0.0,1.61177987542e-05,221.846092223,221.78048,
2007-09-21,0.0,2.8,0.0,0.177564094276,0.285036723742,0.0,0.0,0.0,1.51249975064e-05,221.837374775,221.7754,
2007-09-22,0.0,4.6,0.0,0.288203871724,0.284739606349,0.0,0.0,0.0,1.41925903778e-05,221.828666986,221.75508,
2007-09-23,0.0,3.8,0.0,0.233377100519,0.2844990114,0.0,0.0,0.0,1.33169554789e-05,221.819968847,221.74492,
2007-09-24,0.0,4.4,0.0,0.265815208992,0.284224975102,0.0,0.0,0.0,1.24946845772e-05,221.81128035,221.74492,
2007-09-25,0.0,4.8,0.0,0.284499502033,0.283931676646,0.0,0.0,0.0,1.17225707349e-05,221.802601485,221.73476,
2007-09-26,0.0,3.6,0.0,0.208975149689,0.283716238347,0.0,0.0,0.0,1.09975966458e-05,221.793932242,221.73476,
2007-09-27,0.0,4.2,0.0,0.240034171078,0.283468780439,0.0,0.0,0.0,1.03169236322e-05,221.785272612,221.72968,
2007-09-28,0.0,4.3,0.0,0.241315649532,0.283220001419,0.0,0.0,0.0,9.67788126731e-06,221.776622585,221.72968,
2007-09-29,2.8,3.1,0.0,0.17075835166,0.283043961881,0.0,0.0,0.0,9.07795758515e-06,221.767982153,221.70428,
2007-09-30,25.4,1.1,22.4,0.165626749687,0.30596599616,0.0,0.0,0.0,8.51478984943e-06,221.759351305,221.70428,
2007-10-01,3.4,1.3,0.4,0.197049489508,0.30617522349,0.0,0.0,0.0,7.98615584759e-06,221.750730032,221.69412,
2007-10-02,11.1,1.7,8.1,0.315390650924,0.314200593953,0.0,0.0,0.0,7.48996568224e-06,221.742118323,221.68396,
2007-10-03,0.2,2.3,0.0,0.423589025384,0.313763904236,0.0,0.0,0.0,7.02425403183e-06,221.73351617,221.69412,
2007-10-04,0.7,2.6,0.0,0.474108962559,0.31327513211,0.0,0.0,0.0,6.58717285457e-06,221.724923563,221.67888,0.330174964
2007-10-05,0.0,2.8,0.0,0.504876541282,0.31275464083,0.0,0.0,0.0,6.17698451089e-06,221.716340491,221.66364,0.33163017
2007-10-06,0.0,2.8,0.0,0.498804143019,0.312240409755,0.0,0.0,0.0,5.79205528087e-06,221.707766945,221.6484,0.331339531
2007-10-07,0.0,2.9,0.0,0.510404951205,0.311714219084,0.0,0.0,0.0,5.43084925472e-06,221.699202915,221.64332,0.331106875
2007-10-08,0.0,2.8,0.0,0.486665889308,0.311212501672,0.0,0.0,0.0,5.09192257517e-06,221.69064839,221.63316,0.332210848
2007-10-09,0.0,3.9,0.0,0.669703152168,0.310522086051,0.0,0.0,0.0,4.77391801213e-06,221.682103362,221.623,0.333832514
2007-10-10,0.0,4.2,0.0,0.709136505894,0.309791017488,0.0,0.0,0.0,4.47555985088e-06,221.673567819,221.61792,0.329533074
2007-10-11,0.0,4.4,0.0,0.729501987286,0.309038953584,0.0,0.0,0.0,4.19564907598e-06,221.665041753,221.623,0.330408135
2007-10-12,0.0,3.5,0.0,0.569318073099,0.308452027735,0.0,0.0,0.0,3.93305883438e-06,221.656525152,221.61284,0.33075765
2007-10-13,0.0,3.0,0.0,0.480650346692,0.307956511914,0.0,0.0,0.0,3.68673016175e-06,221.648018007,221.60268,0.329941663
2007-10-14,0.0,2.9,0.0,0.458641185628,0.307483685949,0.0,0.0,0.0,3.45566795715e-06,221.639520308,221.5976,0.330058329
2007-10-15,0.5,2.1,0.0,0.327982252058,0.307145559916,0.0,0.0,0.0,3.23893719203e-06,221.631032045,221.59252,0.329708232
2007-10-16,0.1,2.5,0.0,0.386932915796,0.306746660003,0.0,0.0,0.0,3.03565934007e-06,221.622553207,221.57728,0.328948684
2007-10-17,0.0,3.3,0.0,0.505266575044,0.306225766627,0.0,0.0,0.0,2.84500901537e-06,221.614083785,221.56712,0.328831708
2007-10-18,0.0,3.7,0.0,0.558480568831,0.305650013463,0.0,0.0,0.0,2.66621080706e-06,221.605623768,221.55696,0.329182538
2007-10-19,0.0,3.5,0.0,0.519896029671,0.305114038175,0.0,0.0,0.0,2.49853629914e-06,221.597173146,221.5468,0.32566092
2007-10-20,0.0,2.8,0.0,0.409663778706,0.304691704382,0.0,0.0,0.0,2.34130126488e-06,221.588731909,221.54172,0.328070568
2007-10-21,0.0,2.8,0.0,0.404736551127,0.304274450206,0.0,0.0,0.0,2.19386302581e-06,221.580300048,221.53156,0.329240981
2007-10-22,0.0,2.9,0.0,0.414149606655,0.303847491849,0.0,0.0,0.0,2.0556179658e-06,221.571877551,221.5214,0.32900716
2007-10-23,0.0,2.6,0.0,0.366681161693,0.303469470032,0.0,0.0,0.0,1.92599919142e-06,221.563464409,221.5214,0.330815874
2007-10-24,2.7,1.4,0.0,0.195238575189,0.303268193151,0.0,0.0,0.0,1.80447432996e-06,221.555060611,221.5214,0.327894724
2007-10-25,0.0,2.3,0.0,0.318820184361,0.302939512548,0.0,0.0,0.0,1.69054345737e-06,221.546666147,221.51632,0.327249326
2007-10-26,0.0,2.3,0.0,0.315670328588,0.30261407922,0.0,0.0,0.0,1.58373714844e-06,221.538281008,221.496,0.330932299
2007-10-27,0.0,2.6,0.0,0.353319191548,0.302249832631,0.0,0.0,0.0,1.48361464231e-06,221.529905183,221.48584,0.327190604
2007-10-28,0.0,2.7,0.0,0.362810617095,0.301875801067,0.0,0.0,0.0,1.38976211642e-06,221.521538661,221.4706,0.326602928
2007-10-29,0.0,2.8,0.0,0.371884345777,0.301492415143,0.0,0.0,0.0,1.30179106281e-06,221.513181433,221.46552,0.329708232
2007-10-30,0.0,2.7,0.0,0.35428967036,0.30112716806,0.0,0.0,0.0,1.21933676072e-06,221.504833488,221.46044,0.325189114
2007-10-31,0.0,3.2,0.0,0.41502890747,0.300699303207,0.0,0.0,0.0,1.14205683985e-06,221.496494817,221.45536,0.325484055
2007-11-01,0.0,2.8,0.0,0.358158537418,0.300330067602,0.0,0.0,0.0,1.06962992912e-06,221.488165409,221.43504,0.32630878
2007-11-02,0.0,2.7,0.0,0.341213260518,0.299978301354,0.0,0.0,0.0,1.00175438575e-06,221.479845254,221.42488,0.324539504
2007-11-03,0.0,2.5,0.0,0.312273972434,0.299656369423,0.0,0.0,0.0,9.38147100225e-07,221.471534341,221.4198,0.325307115
2007-11-04,0.0,2.6,0.0,0.321277335419,0.299325155675,0.0,0.0,0.0,8.78542372388e-07,221.463232662,221.42996,0.325484055
2007-11-05,0.0,3.1,0.0,0.378783260808,0.298934657468,0.0,0.0,0.0,8.22690854805e-07,221.454940205,221.40964,0.325012048
2007-11-06,0.0,3.2,0.0,0.385795432913,0.298536930218,0.0,0.0,0.0,7.70358559232e-07,221.44665696,221.3944,0.325366104
2007-11-07,0.0,3.1,0.0,0.368602015316,0.29815692814,0.0,0.0,0.0,7.21325922571e-07,221.438382917,221.38424,0.324893962
2007-11-08,0.0,2.2,0.0,0.25810517462,0.297890840332,0.0,0.0,0.0,6.75386928804e-07,221.430118066,221.37408,0.325601973
2007-11-09,0.0,2.2,0.0,0.255666036372,0.297627267098,0.0,0.0,0.0,6.32348283597e-07,221.421862398,221.37408,0.325543018
2007-11-10,0.0,2.4,0.0,0.276272670981,0.297342449912,0.0,0.0,0.0,5.92028638478e-07,221.413615901,221.369,0.324598601
2007-11-11,0.0,1.9,0.0,0.2164610618,0.297119294178,0.0,0.0,0.0,5.54257861648e-07,221.405378566,221.35376,0.325189114
2007-11-12,0.0,2.2,0.0,0.248593529963,0.296863012188,0.0,0.0,0.0,5.18876352682e-07,221.397150382,221.35376,0.324716771
2007-11-13,0.0,2.4,0.0,0.268630121881,0.296586073918,0.0,0.0,0.0,4.85734398513e-07,221.38893134,221.34868,0.324007246
2007-11-14,0.0,2.1,0.0,0.232628146783,0.296346251086,0.0,0.0,0.0,4.54691568254e-07,221.380721429,221.33852,0.323770468
2007-11-15,0.0,2.1,0.0,0.230529697006,0.296108591605,0.0,0.0,0.0,4.25616144557e-07,221.37252064,221.33852,0.325307115
2007-11-16,0.0,2.5,0.0,0.271964495885,0.295828215836,0.0,0.0,0.0,3.98384589329e-07,221.364328962,221.32836,0.323118627
2007-11-17,0.0,2.2,0.0,0.236758645163,0.295584134758,0.0,0.0,0.0,3.72881041775e-07,221.356146385,221.30804,0.322168655
2007-11-18,0.0,1.8,0.0,0.191881010689,0.295386319284,0.0,0.0,0.0,3.48996846828e-07,221.347972899,221.30296,0.321276063
2007-11-19,8.3,1.5,5.3,0.192813980058,0.30065145951,0.0,0.0,0.0,3.26630112168e-07,221.339808494,221.31312,0.320620263
2007-11-20,13.7,0.4,10.7,0.0694706455756,0.311610768123,0.0,0.0,0.0,3.05685292112e-07,221.331653159,221.33344,0.320799221
2007-11-21,2.7,1.1,0.0,0.190716020564,0.311414153669,0.0,0.0,0.0,2.86072796777e-07,221.323506886,221.2928,0.321573809
2007-11-22,3.4,1.4,0.4,0.24398806135,0.311574990719,0.0,0.0,0.0,2.67708625001e-07,221.315369664,221.28264,0.320799221
2007-11-23,2.7,1.1,0.0,0.190552040796,0.311378545316,0.0,0.0,0.0,2.50514019601e-07,221.307241483,221.26232,0.320620263
2007-11-24,0.0,1.8,0.0,0.310339089871,0.31105860811,0.0,0.0,0.0,2.34415143627e-07,221.299122332,221.25216,0.320321825
2007-11-25,0.0,2.0,0.0,0.342155067584,0.310705870927,0.0,0.0,0.0,2.19342776348e-07,221.291012203,221.242,0.318346666
2007-11-26,0.0,1.7,0.0,0.2883332524,0.310408620151,0.0,0.0,0.0,2.05232027797e-07,221.282911084,221.22676,0.316964372
2007-11-27,0.0,1.5,0.0,0.252553875946,0.310148255331,0.0,0.0,0.0,1.92022070744e-07,221.274818966,221.23184,0.316663251
2007-11-28,0.0,1.3,0.0,0.217469716375,0.309924059747,0.0,0.0,0.0,1.79655889055e-07,221.266735839,221.2166,0.316120672
2007-11-29,0.0,1.2,0.0,0.199620298735,0.309718265625,0.0,0.0,0.0,1.68080041451e-07,221.258661693,221.21152,0.316603
2007-11-30,0.0,1.1,0.0,0.182042050779,0.309530593407,0.0,0.0,0.0,1.57244439731e-07,221.250596518,221.20136,0.315456533
2007-12-01,0.0,0.8,0.0,0.131768644691,0.309394749444,0.0,0.0,0.0,1.47102140596e-07,221.242540303,221.18612,0.315214758
2007-12-02,0.0,0.4,0.0,0.0656579157394,0.309327060871,0.0,0.0,0.0,1.37609150235e-07,221.23449304,221.17596,0.314246212
2007-12-03,0.0,0.7,0.0,0.11470392754,0.309208809399,0.0,0.0,0.0,1.28724240921e-07,221.226454718,221.16072,0.316663251
2007-12-04,0.0,0.8,0.0,0.13069603133,0.309074071222,0.0,0.0,0.0,1.20408778875e-07,221.218425328,221.15564,0.315093816
2007-12-05,0.1,0.9,0.0,0.146527767084,0.308923011669,0.0,0.0,0.0,1.12626562714e-07,221.210404858,221.1404,0.315939651
2007-12-06,0.5,0.7,0.0,0.1135254507,0.308805975122,0.0,0.0,0.0,1.05343671854e-07,221.2023933,221.13024,0.317986519
2007-12-07,0.1,1.0,0.0,0.161691563007,0.308639282789,0.0,0.0,0.0,9.85283242445e-08,221.194390644,221.12516,0.31684395
2007-12-08,0.0,1.1,0.0,0.177096712781,0.308456708858,0.0,0.0,0.0,9.21507428888e-08,221.186396879,221.115,0.316241308
2007-12-09,0.1,0.8,0.0,0.128189029526,0.308324555219,0.0,0.0,0.0,8.61830305904e-08,221.178411996,221.115,0.319305509
2007-12-10,0.0,1.3,0.0,0.207591340771,0.308110543528,0.0,0.0,0.0,8.05990524448e-08,221.170435985,221.10484,0.319185777
2007-12-11,0.0,1.5,0.0,0.238190897048,0.307864985902,0.0,0.0,0.0,7.53743255943e-08,221.162468836,221.09976,0.316663251
2007-12-12,0.0,1.8,0.0,0.283987394264,0.307572215392,0.0,0.0,0.0,7.04859158037e-08,221.15451054,221.0896,0.315214758
2007-12-13,0.0,1.5,0.0,0.234826346202,0.307330126376,0.0,0.0,0.0,6.59123404416e-08,221.146561085,221.08452,0.313943065
2007-12-14,0.0,1.5,0.0,0.233313289847,0.307089597211,0.0,0.0,0.0,6.1633477474e-08,221.138620464,221.07436,0.313518277
2007-12-15,0.0,1.4,0.0,0.21635598373,0.306866549805,0.0,0.0,0.0,5.76304801033e-08,221.130688665,221.07436,0.31327534
2007-12-16,0.0,1.3,0.0,0.199693811443,0.306660679896,0.0,0.0,0.0,5.38856967056e-08,221.122765679,221.06928,0.312971463
2007-12-17,0.0,0.7,0.0,0.106926983031,0.306550445893,0.0,0.0,0.0,5.0382595742e-08,221.114851496,221.05404,0.311814634
2007-12-18,0.2,1.2,0.0,0.182752229465,0.306362041533,0.0,0.0,0.0,4.71056953391e-08,221.106946107,221.05912,0.311631672
2007-12-19,0.1,2.2,0.0,0.333318714051,0.306018413993,0.0,0.0,0.0,4.40404972502e-08,221.099049502,221.05404,0.310042498
2007-12-20,7.7,1.1,4.7,0.187292301246,0.310670689971,0.0,0.0,0.0,4.11734249292e-08,221.09116167,221.04388,0.31327534
2007-12-21,3.9,1.1,0.9,0.190659906352,0.311401968418,0.0,0.0,0.0,3.84917654638e-08,221.083282603,221.0388,0.313943065
2007-12-22,0.0,1.1,0.0,0.189759021914,0.31120634056,0.0,0.0,0.0,3.59836151295e-08,221.07541229,221.01848,0.316120672
2007-12-23,1.5,0.9,0.0,0.1545237771,0.311047037697,0.0,0.0,0.0,3.36378283423e-08,221.067550721,220.99816,0.314003713
2007-12-24,0.0,1.1,0.0,0.188132256111,0.310853086918,0.0,0.0,0.0,3.14439697993e-08,221.059697888,220.988,0.311814634
2007-12-25,4.1,0.9,1.1,0.15745165326,0.311824786244,0.0,0.0,0.0,2.93922696112e-08,221.05185378,220.96768,0.314427991
2007-12-26,0.0,1.1,0.0,0.191696936952,0.311627160536,0.0,0.0,0.0,2.74735812405e-08,221.044018388,220.97276,0.315516954
2007-12-27,0.1,1.2,0.0,0.208135802679,0.311412587543,0.0,0.0,0.0,2.56793420742e-08,221.036191701,220.95752,0.315456533
2007-12-28,0.0,1.1,0.0,0.189807692907,0.31121690951,0.0,0.0,0.0,2.40015364646e-08,221.028373711,220.94736,0.314791304
2007-12-29,0.0,1.0,0.0,0.171737122956,0.311039860929,0.0,0.0,0.0,2.24326610881e-08,221.020564408,220.9372,0.311997512
2007-12-30,0.0,1.0,0.0,0.170999420538,0.310863572867,0.0,0.0,0.0,2.0965692477e-08,221.012763781,220.93212,0.311387593
2007-12-31,0.0,0.9,0.0,0.15323839825,0.310705595137,0.0,0.0,0.0,1.95940565894e-08,221.004971822,220.93212,0.311387593
2008-01-01,0.0,0.8,0.0,0.135685317122,0.310565713366,0.0,0.0,0.0,1.83116002908e-08,220.997188521,220.93212,0.310776746
2008-01-02,14.4,0.7,11.4,0.152595014501,0.322160976238,0.0,0.0,0.0,1.71125646287e-08,220.989413867,220.94736,0.31059331
2008-01-03,19.3,0.9,16.3,0.25861912481,0.338698482295,0.0,0.0,0.0,1.59915597882e-08,220.981647852,220.95244,0.313032257
2008-01-04,2.0,0.9,0.0,0.257619308606,0.338432895379,0.0,0.0,0.0,1.49435416249e-08,220.973890466,220.94736,0.321573809
2008-01-05,0.6,0.4,0.0,0.114054825631,0.338315313084,0.0,0.0,0.0,1.39637896753e-08,220.966141699,220.8864,0.334871745
2008-01-06,0.9,0.4,0.0,0.113858855141,0.338197932821,0.0,0.0,0.0,1.30478865539e-08,220.958401542,220.87116,0.342133081
2008-01-07,0.0,0.8,0.0,0.227326442738,0.337963575664,0.0,0.0,0.0,1.21916986502e-08,220.950669985,220.86608,0.352054295
2008-01-08,0.1,0.6,0.0,0.16990893916,0.337788411809,0.0,0.0,0.0,1.13913580436e-08,220.942947019,220.87116,0.361160725
2008-01-09,0.0,0.6,0.0,0.169471029523,0.337613699407,0.0,0.0,0.0,1.06432455613e-08,220.935232634,220.87116,0.366344168
2008-01-10,0.0,0.8,0.0,0.225378998025,0.337381349925,0.0,0.0,0.0,9.94397490666e-09,220.92752682,220.85592,0.365699462
2008-01-11,4.6,0.9,1.6,0.258865629229,0.338763962678,0.0,0.0,0.0,9.29037779162e-09,220.919829568,220.85592,0.366397853
2008-01-12,0.0,1.2,0.0,0.343819813392,0.338409509262,0.0,0.0,0.0,8.67949001021e-09,220.912140869,220.84068,0.368165909
2008-01-13,12.6,0.7,9.6,0.22839371473,0.348070959041,0.0,0.0,0.0,8.10853839391e-09,220.904460713,220.84576,
2008-01-14,1.9,1.0,0.0,0.325295662671,0.347735602688,0.0,0.0,0.0,7.57492859384e-09,220.89678909,220.861,
2008-01-15,0.3,0.8,0.0,0.259118675626,0.347468470033,0.0,0.0,0.0,7.07623363762e-09,220.889125991,220.82036,
2008-01-16,5.2,0.9,2.2,0.299011917261,0.349428251561,0.0,0.0,0.0,6.61018321247e-09,220.881471407,220.82544,
2008-01-17,0.0,0.9,0.0,0.297855943354,0.349121183578,0.0,0.0,0.0,6.17465362872e-09,220.873825328,220.79496,
2008-01-18,0.0,1.1,0.0,0.362638758067,0.348747329189,0.0,0.0,0.0,5.767658421e-09,220.866187744,220.7848,
2008-01-19,0.3,1.5,0.0,0.492170807428,0.348239936604,0.0,0.0,0.0,5.38733954699e-09,220.858558647,220.7848,
2008-01-20,0.0,1.5,0.0,0.488999603772,0.347735813301,0.0,0.0,0.0,5.03195914599e-09,220.850938026,220.7848,
2008-01-21,0.0,1.4,0.0,0.453458910921,0.347268329887,0.0,0.0,0.0,4.6998918222e-09,220.843325873,220.76956,
2008-01-22,0.0,1.7,0.0,0.547317336702,0.34670408521,0.0,0.0,0.0,4.38961741933e-09,220.835722178,220.76448,
2008-01-23,0.0,1.8,0.0,0.575280639078,0.346111012387,0.0,0.0,0.0,4.0997142559e-09,220.828126931,,
2008-01-24,0.0,1.6,0.0,0.507406749244,0.345587912645,0.0,0.0,0.0,3.82885279172e-09,220.820540123,,
2008-01-25,0.0,1.4,0.0,0.44092949043,0.34513334616,0.0,0.0,0.0,3.57578969864e-09,220.812961746,,
2008-01-26,0.0,1.6,0.0,0.500888974401,0.344616965774,0.0,0.0,0.0,3.3393623098e-09,220.805391788,,
2008-01-27,0.0,1.7,0.0,0.5285368409,0.344072082433,0.0,0.0,0.0,3.11848342348e-09,220.797830242,,
2008-01-28,0.0,2.67,0.0,0.824051917067,0.343222544374,0.0,0.0,0.0,2.91213643913e-09,220.790277097,,
2008-01-29,0.0,2.79,0.0,0.85121207835,0.342345006149,0.0,0.0,0.0,2.71937080444e-09,220.782732345,,
